-- MySQL dump 10.13  Distrib 8.0.17, for macos10.14 (x86_64)
--
-- Host: localhost    Database: artur_sentsov_db
-- ------------------------------------------------------
-- Server version	8.0.18

/*!40101 SET @OLD_CHARACTER_SET_CLIENT=@@CHARACTER_SET_CLIENT */;
/*!40101 SET @OLD_CHARACTER_SET_RESULTS=@@CHARACTER_SET_RESULTS */;
/*!40101 SET @OLD_COLLATION_CONNECTION=@@COLLATION_CONNECTION */;
/*!50503 SET NAMES utf8mb4 */;
/*!40103 SET @OLD_TIME_ZONE=@@TIME_ZONE */;
/*!40103 SET TIME_ZONE='+00:00' */;
/*!40014 SET @OLD_UNIQUE_CHECKS=@@UNIQUE_CHECKS, UNIQUE_CHECKS=0 */;
/*!40014 SET @OLD_FOREIGN_KEY_CHECKS=@@FOREIGN_KEY_CHECKS, FOREIGN_KEY_CHECKS=0 */;
/*!40101 SET @OLD_SQL_MODE=@@SQL_MODE, SQL_MODE='NO_AUTO_VALUE_ON_ZERO' */;
/*!40111 SET @OLD_SQL_NOTES=@@SQL_NOTES, SQL_NOTES=0 */;

--
-- Temporary view structure for view `all_v`
--

DROP TABLE IF EXISTS `all_v`;
/*!50001 DROP VIEW IF EXISTS `all_v`*/;
SET @saved_cs_client     = @@character_set_client;
/*!50503 SET character_set_client = utf8mb4 */;
/*!50001 CREATE VIEW `all_v` AS SELECT 
 1 AS `order_id`,
 1 AS `customer_id`,
 1 AS `first_name`,
 1 AS `last_name`,
 1 AS `product_id`,
 1 AS `title`,
 1 AS `sku`,
 1 AS `price`,
 1 AS `quantity`,
 1 AS `in_stock`*/;
SET character_set_client = @saved_cs_client;

--
-- Table structure for table `application_properties`
--

DROP TABLE IF EXISTS `application_properties`;
/*!40101 SET @saved_cs_client     = @@character_set_client */;
/*!50503 SET character_set_client = utf8mb4 */;
CREATE TABLE `application_properties` (
  `id` int(11) NOT NULL AUTO_INCREMENT,
  `property_name` varchar(255) DEFAULT NULL,
  `property_value` varchar(255) DEFAULT NULL,
  PRIMARY KEY (`id`)
) ENGINE=InnoDB AUTO_INCREMENT=6 DEFAULT CHARSET=utf8;
/*!40101 SET character_set_client = @saved_cs_client */;

--
-- Dumping data for table `application_properties`
--

LOCK TABLES `application_properties` WRITE;
/*!40000 ALTER TABLE `application_properties` DISABLE KEYS */;
INSERT INTO `application_properties` VALUES (1,'environment','DEV'),(2,'title','MegaStore.com'),(3,'build','1.2_4059'),(4,'square_key','6C0AlUT27agJnIhmyJ8SzL73VX7iIhyllgCOYwi7'),(5,'site_key','awK7xAn8e2GGs9Ufqn');
/*!40000 ALTER TABLE `application_properties` ENABLE KEYS */;
UNLOCK TABLES;

--
-- Table structure for table `customers`
--

DROP TABLE IF EXISTS `customers`;
/*!40101 SET @saved_cs_client     = @@character_set_client */;
/*!50503 SET character_set_client = utf8mb4 */;
CREATE TABLE `customers` (
  `id` int(11) NOT NULL AUTO_INCREMENT,
  `first_name` varchar(45) DEFAULT NULL,
  `last_name` varchar(45) DEFAULT NULL,
  `street` varchar(255) DEFAULT NULL,
  `city` varchar(100) DEFAULT NULL,
  `state` varchar(45) DEFAULT NULL,
  `zip` int(11) DEFAULT NULL,
  `phone_number` varchar(45) DEFAULT NULL,
  `email` varchar(100) DEFAULT NULL,
  `date_added` timestamp NULL DEFAULT CURRENT_TIMESTAMP,
  PRIMARY KEY (`id`)
) ENGINE=InnoDB AUTO_INCREMENT=215 DEFAULT CHARSET=utf8;
/*!40101 SET character_set_client = @saved_cs_client */;

--
-- Dumping data for table `customers`
--

LOCK TABLES `customers` WRITE;
/*!40000 ALTER TABLE `customers` DISABLE KEYS */;
INSERT INTO `customers` VALUES (106,'Nilda','Gaylord','63623 Brown Parkways','East Erich','IL',60018,'3280406472','NildaGaylord467@greenlam.com','2020-03-28 23:46:01'),(107,'Reanna','Rodriguez','005 Morissette Pass','Danialberg','MD',21027,'7020004663','ReannaRodriguez349@sub-ex.com','2020-03-28 23:46:01'),(108,'Guillermo','Armstrong','44999 Green Mountain','Donnchester','LA',70172,'2830358922','GuillermoArmstrong492@tresom.com','2020-03-28 23:46:01'),(109,'Jettie','Tremblay','61865 Ressie Court','Abernathybury','AL',35021,'1667799584','JettieTremblay896@bigtax.com','2020-03-28 23:46:01'),(110,'Yuk','Mante','4769 Kunde Orchard','East Jospehview','PA',18623,'0962615064','YukMante249@tampflex.com','2020-03-28 23:46:01'),(111,'John','Yost','7641 Glynis Loaf','South Conradborough','OH',44421,'1844270824','CarrieYost441@stringtough.com','2020-03-28 23:46:01'),(112,'Jene','Wolff','26736 Jonah Mountains','New Johnnymouth','OK',73042,'0814828728','JeneWolff536@tresom.com','2020-03-28 23:46:01'),(113,'Jamee','Schoen','4775 Lyndon Highway','Lake Rolanda','WA',99050,'1995986234','JameeSchoen224@greenlam.com','2020-03-28 23:46:01'),(114,'Josefina','Klocko','97932 Mayme Lane','Port Kandice','AL',35024,'5402749526','JosefinaKlocko492@cardify.com','2020-03-28 23:46:01'),(115,'Bob','Huel','14886 Edie Village','Carleneport','SC',29933,'8009410319','MackHuel202@temp.com','2020-03-28 23:46:01'),(116,'Mable','Weissnat','56631 Hildegard Dam','Torphyton','SC',29966,'6398974198','MableWeissnat801@quolux.com','2020-03-28 23:46:01'),(117,'Machelle','Langosh','291 David Way','Markborough','OH',44418,'5485803148','MachelleLangosh541@biodex.com','2020-03-28 23:46:01'),(118,'Terrence','Leannon','660 Preston Turnpike','West Garrettport','CA',90063,'9954670286','TerrenceLeannon390@span.com','2020-03-28 23:46:01'),(119,'Ahmad','Pfeffer','3493 Towne Center','East Marylou','ME',4253,'4405811739','AhmadPfeffer357@gembucket.com','2020-03-28 23:46:01'),(120,'Melissa','Dooley','70007 Alex Avenue','Ricardoview','ME',4258,'4005563076','MelissaDooley913@wrapsafe.com','2020-03-28 23:46:01'),(121,'Hue','Doyle','81703 Ruecker Wall','South Sol','SC',29912,'2744036761','HueDoyle709@pannier.com','2020-03-28 23:46:01'),(122,'Clint','Kessler','7284 Laine Forges','Stehrchester','MA',2672,'6548596940','ClintKessler150@latlux.com','2020-03-28 23:46:01'),(123,'Dena','Schamberger','915 Batz Mills','Bernieborough','NM',88030,'3795141973','DenaSchamberger723@greenlam.com','2020-03-28 23:46:01'),(124,'Joe','Wiegand','196 Oberbrunner Landing','Larkinville','AR',71735,'7884977041','JoeWiegand440@fintone.com','2020-03-28 23:46:01'),(125,'Marcelle','Huels','8339 Willis Ridges','South Kellyburgh','HI',96754,'8990415899','MarcelleHuels662@duobam.com','2020-03-28 23:46:01'),(126,'Keturah','Gottlieb','6756 Kunze Meadows','Ricardaland','FL',32285,'0248843546','KeturahGottlieb590@bitchip.com','2020-03-28 23:46:01'),(127,'Hershel','Kuhic','12498 Domenic Springs','Port Prince','TN',38388,'9571325335','HershelKuhic513@redhold.com','2020-03-28 23:46:01'),(128,'Abraham','Gislason','6356 Hilll Stravenue','Mayerville','LA',70171,'6306302779','AbrahamGislason922@quolux.com','2020-03-28 23:46:01'),(129,'Rolland','Dickens','9414 Christene Plains','Lake Evanside','IL',60087,'7615829026','RollandDickens451@fixsan.com','2020-03-28 23:46:01'),(130,'Kathryne','Kovacek','9035 Scott Expressway','Stevieton','MO',65075,'5756925295','KathryneKovacek697@toughjoyfax.com','2020-03-28 23:46:01'),(131,'Reyes','Marvin','28369 Leida Expressway','Feilville','OK',73018,'4208363638','ReyesMarvin650@cookley.com','2020-03-28 23:46:01'),(132,'Clair','Balistreri','0558 McClure Unions','West Dorene','DE',19877,'6390284830','ClairBalistreri890@vagram.com','2020-03-28 23:46:01'),(133,'Porfirio','Gulgowski','16129 Wilbert Brooks','Friesenberg','MD',21071,'1229461209','PorfirioGulgowski353@greenlam.com','2020-03-28 23:46:01'),(134,'Emerald','Runte','90451 Randy Spur','Kochfort','FL',32282,'8361488272','EmeraldRunte172@greenlam.com','2020-03-28 23:46:01'),(135,'Jettie','Hodkiewicz','233 Peter Alley','Klarabury','NC',28834,'1168566367','JettieHodkiewicz438@opela.com','2020-03-28 23:46:01'),(136,'Valentine','Denesik','56596 Homenick Meadow','Dustinchester','MS',38778,'0636041434','ValentineDenesik924@bigtax.com','2020-03-28 23:46:01'),(137,'Cruz','Ferry','557 Daron Lights','South Shelton','CT',6138,'0120473425','CruzFerry731@konklab.com','2020-03-28 23:46:01'),(138,'Bob','Muller','039 Bartoletti Rapids','Batzchester','MO',65053,'4734028046','ManMuller684@zoolab.com','2020-03-28 23:46:01'),(139,'Oren','Schmeler','30509 Wilbur Path','Stokesview','NM',88051,'4110460406','OrenSchmeler269@bitwolf.com','2020-03-28 23:46:01'),(140,'Twanda','Hilll','224 Feeney Manors','Anneliesetown','NC',28843,'4174438573','TwandaHilll628@bamity.com','2020-03-28 23:46:01'),(141,'Shona','Gaylord','3667 Hermiston Wall','New Gene','KY',40445,'7156493613','ShonaGaylord515@tresom.com','2020-03-28 23:46:01'),(142,'Lettie','Lang','8835 Rolfson Views','Pennychester','AL',35086,'8373865342','LettieLang546@sub-ex.com','2020-03-28 23:46:01'),(143,'Vanessa','Ritchie','6070 Samella Valleys','Carterstad','PA',18632,'0029202685','VanessaRitchie595@holdlamis.com','2020-03-28 23:46:01'),(144,'Jason','Goodwin','5161 Harry Walk','Carrollport','KY',40472,'5777448965','JasonGoodwin156@alpha.com','2020-03-28 23:46:01'),(145,'Noel','Windler','91940 Margorie Parkways','Port Kenia','MS',38723,'6823509028','NoelWindler920@stim.com','2020-03-28 23:46:01'),(146,'Edwina','Daugherty','1003 Annie Lights','Augustaton','KY',40458,'0505985133','EdwinaDaugherty505@andalax.com','2020-03-28 23:46:01'),(147,'Otis','Jast','94732 Bee Mills','Hickleside','NC',28836,'1798703027','OtisJast699@gembucket.com','2020-03-28 23:46:01'),(148,'Joanna','Rolfson','65609 Skiles Mill','Billbury','RI',2958,'1284081671','JoannaRolfson498@toughjoyfax.com','2020-03-28 23:46:01'),(149,'Gabriela','Bernhard','82372 Emard Green','Vanesahaven','NM',88026,'6993194145','GabrielaBernhard664@domainer.com','2020-03-28 23:46:01'),(150,'Faith','Romaguera','864 Erdman Estates','Granvillehaven','KY',40455,'3200094050','FaithRomaguera504@overhold.com','2020-03-28 23:46:01'),(151,'Erich','Gulgowski','6659 Mauricio Ways','Lake Babette','RI',2907,'1234860212','ErichGulgowski479@konklux.com','2020-03-28 23:46:01'),(152,'Dwight','Davis','9240 Ankunding Mount','Sanfordbury','FL',32228,'9034109134','DwightDavis685@domainer.com','2020-03-28 23:46:01'),(153,'Willia','Hand','77189 Will Mission','Herzoghaven','PA',18653,'4413891123','WilliaHand897@gembucket.com','2020-03-28 23:46:01'),(154,'Joline','Powlowski','232 Tawna Track','Pennieview','WA',99031,'2401703840','JolinePowlowski492@tresom.com','2020-03-28 23:46:01'),(155,'Pedro','Nader','085 Gaynelle Mill','Labadiechester','LA',70110,'2242929417','PedroNader746@sonair.com','2020-03-28 23:46:01'),(156,'Jeremiah','Ratke','655 Juan Extensions','Macejkovicmouth','SD',57735,'4228448711','JeremiahRatke673@tempsoft.com','2020-03-28 23:46:01'),(157,'Tobias','Hudson','61480 Dickinson Union','Port Kurt','MN',55547,'4175493256','TobiasHudson532@konklab.com','2020-03-28 23:46:01'),(158,'Carlton','Green','78182 Klein Run','Adanberg','NC',28806,'7104188586','CarltonGreen366@it.com','2020-03-28 23:46:01'),(159,'Chet','Botsford','769 Marisha Track','New Weldon','NH',3601,'5886995835','ChetBotsford545@cardguard.com','2020-03-28 23:46:01'),(160,'Dan','Beahan','00523 Lurline Gateway','Sacramento','CA',95815,'2786384579','DanBeahan806@voyatouch.com','2020-03-28 23:46:01'),(161,'Bob','Conn','576 Nella Island','Steubertown','AZ',85082,'0884215797','BennettConn967@homeing.com','2020-03-28 23:46:01'),(162,'Dylan','Runolfsdottir','17192 Maggio Estate','East Lorrine','WA',99005,'4792455214','DylanRunolfsdottir145@y-find.com','2020-03-28 23:46:01'),(163,'Candida','Stiedemann','4334 Lou Avenue','Sacramento','CA',95815,'1009130716','CandidaStiedemann805@stronghold.com','2020-03-28 23:46:01'),(164,'Terrance','Lueilwitz','623 Chas View','West Kristopher','KY',40408,'4288556185','TerranceLueilwitz835@trippledex.com','2020-03-28 23:46:01'),(165,'Grayce','Brown','71644 Dare Vista','North Jeffryfort','KY',40466,'1029192494','GrayceBrown164@matsoft.com','2020-03-28 23:46:01'),(166,'Stephany','Considine','1400 Grayce Green','Murphyport','MT',59075,'0135938827','StephanyConsidine946@lotstring.com','2020-03-28 23:46:01'),(167,'Mercedes','Keeling','5631 Wyman Row','East Giuseppina','WI',54924,'5040872478','MercedesKeeling610@bitwolf.com','2020-03-28 23:46:01'),(168,'Alphonso','Bins','5470 Collier Loaf','North Maddie','OR',97935,'6431096728','AlphonsoBins701@stringtough.com','2020-03-28 23:46:01'),(169,'Marlen','Macejkovic','60677 Harvey Tunnel','Ornfurt','VT',5032,'3312299106','MarlenMacejkovic101@it.com','2020-03-28 23:46:01'),(170,'Alexander','Block','8061 Kelley Circle','Lake Evelinhaven','CO',80067,'6791656278','AlexanderBlock311@rank.com','2020-03-28 23:46:01'),(171,'Jaime','Sipes','759 Schultz Burg','North Elishabury','DE',19817,'0727844304','JaimeSipes687@asoka.com','2020-03-28 23:46:01'),(172,'Pei','Willms','5969 Blick Via','Bennettchester','WV',24765,'0116672459','PeiWillms758@flowdesk.com','2020-03-28 23:46:01'),(173,'Ulysses','Abbott','76638 Lowell Via','Port Verlenehaven','MA',2684,'7703741518','UlyssesAbbott728@bitwolf.com','2020-03-28 23:46:01'),(174,'Alpha','Robel','02475 Hermiston Turnpike','West Malcolmburgh','WV',24780,'1980571217','AlphaRobel256@namfix.com','2020-03-28 23:46:01'),(175,'Nella','Towne','8290 Ernie Walks','Sammymouth','MS',38758,'9343862597','NellaTowne269@cookley.com','2020-03-28 23:46:01'),(176,'Nickole','Conroy','10912 Bruen Mountains','Littelmouth','VA',22255,'2485102682','NickoleConroy904@vagram.com','2020-03-28 23:46:01'),(177,'John','Kessler','0153 Dickinson Trail','Rowestad','SD',57788,'7938854209','GuillermoKessler345@trippledex.com','2020-03-28 23:46:01'),(178,'Carolee','Effertz','50838 Adolph Island','Kingville','RI',2904,'9155164987','CaroleeEffertz896@voltsillam.com','2020-03-28 23:46:01'),(179,'Sherley','Hegmann','69989 Patsy Estate','Port Zetta','MN',55568,'7280793072','SherleyHegmann936@redhold.com','2020-03-28 23:46:01'),(180,'Jenni','McDermott','2751 Blick Square','East Napoleontown','IA',51051,'3245662349','JenniMcDermott159@lotlux.com','2020-03-28 23:46:01'),(181,'Shawn','Kautzer','989 Hermila Mall','Koelpinberg','LA',70184,'8447642162','ShawnKautzer689@regrant.com','2020-03-28 23:46:01'),(182,'John','Bashirian','506 Daisey Wall','Florenceview','MT',59068,'8330954574','SherlynBashirian931@sonsing.com','2020-03-28 23:46:01'),(183,'Eddy','Stark','664 Ernser Bypass','Arronside','WI',54982,'2024876191','EddyStark361@sub-ex.com','2020-03-28 23:46:01'),(184,'Val','Howe','5451 Bruen Brooks','Williamsonton','WI',54908,'7355169492','ValHowe895@matsoft.com','2020-03-28 23:46:01'),(185,'Vickey','Vandervort','191 Marlin Centers','East Rossview','AZ',85040,'6672940224','VickeyVandervort209@tempsoft.com','2020-03-28 23:46:01'),(186,'Tracey','Zieme','35557 Anderson Ridge','South Dustinview','HI',96761,'9383206767','TraceyZieme639@hatity.com','2020-03-28 23:46:01'),(187,'Alonzo','Kessler','1156 Columbus Court','Lake Giuseppe','IA',51051,'1193829258','AlonzoKessler203@stim.com','2020-03-28 23:46:01'),(188,'Francie','Bergstrom','562 Sauer Falls','Stanleybury','IN',46313,'8677909198','FrancieBergstrom188@y-solowarm.com','2020-03-28 23:46:01'),(189,'Cindi','Cummings','2032 Metz Islands','Grayceborough','LA',70156,'3249520769','CindiCummings642@bytecard.com','2020-03-28 23:46:01'),(190,'Karisa','Rodriguez','2926 Brendan Landing','Lake Sharen','AR',71777,'7628124759','KarisaRodriguez411@zathin.com','2020-03-28 23:46:01'),(191,'Judson','Reinger','550 Margit Estate','East Lamontchester','VA',22264,'0907185780','JudsonReinger634@tin.com','2020-03-28 23:46:01'),(192,'Vance','Howell','72757 Karrie Pine','Lake Freddie','ND',58663,'1427155695','VanceHowell409@fixsan.com','2020-03-28 23:46:01'),(193,'Lillia','Rolfson','87470 Rempel Ports','Port Merylside','CO',80051,'7403433533','LilliaRolfson416@bigtax.com','2020-03-28 23:46:01'),(194,'Alecia','Dicki','399 Pollich Canyon','New Leifmouth','TX',79822,'9933887989','AleciaDicki717@bigtax.com','2020-03-28 23:46:01'),(195,'Lida','Reichert','245 Charles Dale','Bernhardshire','HI',96785,'6472843464','LidaReichert157@tin.com','2020-03-28 23:46:01'),(196,'Vincenzo','Dare','064 Wilkinson Mission','Legroston','NV',89887,'5387399753','VincenzoDare385@veribet.com','2020-03-28 23:46:01'),(197,'Drusilla','Pagac','67204 Ward Glen','Nolantown','CA',90013,'5409969937','DrusillaPagac904@homeing.com','2020-03-28 23:46:01'),(198,'Roseline','McGlynn','91290 Mauro Lake','Vannesaville','IN',46347,'9910381394','RoselineMcGlynn108@temp.com','2020-03-28 23:46:01'),(199,'Catherin','Daugherty','3401 Thuy Run','Trinhfurt','IN',46358,'9592488776','CatherinDaugherty914@greenlam.com','2020-03-28 23:46:01'),(200,'Adrianna','Kreiger','957 Bode Ford','Lake Johnie','NH',3631,'2522255985','AdriannaKreiger356@rank.com','2020-03-28 23:46:01'),(201,'Keshia','Jast','346 Carey Corner','Sacramento','CA',95815,'7710609759','KeshiaJast476@zathin.com','2020-03-28 23:46:01'),(202,'Toshia','Beier','8685 Evangeline Ports','Port Tawnaport','NY',12258,'3714693370','ToshiaBeier144@regrant.com','2020-03-28 23:46:01'),(203,'Pedro','Adams','709 Fausto Square','New Warnerberg','WV',24767,'6143376789','PedroAdams431@lotlux.com','2020-03-28 23:46:01'),(204,'Kelly','Bins','948 Winfred Pass','South Mirtha','PA',18664,'1382371288','KellyBins737@vagram.com','2020-03-28 23:46:01'),(205,'Wilhelmina','Bruen','37552 Harrison Avenue','Quitzonville','FL',32275,'7057129582','WilhelminaBruen699@subin.com','2020-03-28 23:46:01'),(206,'Kenya','Bergnaum','78191 Rosaura Ports','Lovettaside','NJ',7668,'7504875838','KenyaBergnaum940@alpha.com','2020-03-28 23:46:01'),(207,'Simone','Heidenreich','80124 Hayes Throughway','Rio Linda','CA',95671,'1142473667','SimoneHeidenreich598@keylex.com','2020-03-28 23:46:01'),(208,'Hortencia','Bins','838 Robbin Meadow','Tamekiafurt','IA',51082,'0807020292','HortenciaBins940@sonair.com','2020-03-28 23:46:01'),(209,'John','Kuhic','924 Riley Fork','Yongmouth','NC',28868,'4349200714','JohnKuhic734@zaam-dox.com','2020-03-28 23:46:02'),(210,'Kym','Fahey','5608 Harber Place','North Beverlee','AZ',85048,'6554178320','KymFahey371@redhold.com','2020-03-28 23:46:02');
/*!40000 ALTER TABLE `customers` ENABLE KEYS */;
UNLOCK TABLES;
/*!50003 SET @saved_cs_client      = @@character_set_client */ ;
/*!50003 SET @saved_cs_results     = @@character_set_results */ ;
/*!50003 SET @saved_col_connection = @@collation_connection */ ;
/*!50003 SET character_set_client  = utf8mb4 */ ;
/*!50003 SET character_set_results = utf8mb4 */ ;
/*!50003 SET collation_connection  = utf8mb4_0900_ai_ci */ ;
/*!50003 SET @saved_sql_mode       = @@sql_mode */ ;
/*!50003 SET sql_mode              = 'ONLY_FULL_GROUP_BY,STRICT_TRANS_TABLES,NO_ZERO_IN_DATE,NO_ZERO_DATE,ERROR_FOR_DIVISION_BY_ZERO,NO_ENGINE_SUBSTITUTION' */ ;
DELIMITER ;;
/*!50003 CREATE*/ /*!50017 DEFINER=`sen4ik`@`localhost`*/ /*!50003 TRIGGER `customer_delete` AFTER DELETE ON `customers` FOR EACH ROW BEGIN
DELETE FROM `artur_sentsov_db`.orders
    WHERE `artur_sentsov_db`.orders.customer_id = old.id;
END */;;
DELIMITER ;
/*!50003 SET sql_mode              = @saved_sql_mode */ ;
/*!50003 SET character_set_client  = @saved_cs_client */ ;
/*!50003 SET character_set_results = @saved_cs_results */ ;
/*!50003 SET collation_connection  = @saved_col_connection */ ;

--
-- Table structure for table `orders`
--

DROP TABLE IF EXISTS `orders`;
/*!40101 SET @saved_cs_client     = @@character_set_client */;
/*!50503 SET character_set_client = utf8mb4 */;
CREATE TABLE `orders` (
  `id` int(11) NOT NULL AUTO_INCREMENT,
  `order_id` int(11) DEFAULT NULL,
  `customer_id` int(11) DEFAULT NULL,
  `product_id` int(11) DEFAULT NULL,
  `quantity` int(11) DEFAULT NULL,
  `total` double DEFAULT NULL,
  `date_created` timestamp NULL DEFAULT CURRENT_TIMESTAMP,
  PRIMARY KEY (`id`)
) ENGINE=InnoDB AUTO_INCREMENT=510 DEFAULT CHARSET=utf8;
/*!40101 SET character_set_client = @saved_cs_client */;

--
-- Dumping data for table `orders`
--

LOCK TABLES `orders` WRITE;
/*!40000 ALTER TABLE `orders` DISABLE KEYS */;
INSERT INTO `orders` VALUES (2,1000,117,131,8,458.8,'2020-03-29 00:01:51'),(3,1000,117,196,8,711.44,'2020-03-29 00:01:51'),(4,1002,130,254,7,436.1,'2020-03-29 00:01:51'),(5,1003,175,85,18,1096.02,'2020-03-29 00:01:51'),(6,1004,146,155,16,464.48,'2020-03-29 00:01:51'),(7,1005,117,86,10,792.5,'2020-03-29 00:01:51'),(8,1006,128,311,9,543.6,'2020-03-29 00:01:51'),(9,1007,198,228,8,627.28,'2020-03-29 00:01:51'),(10,1007,198,285,2,72.76,'2020-03-29 00:01:51'),(11,1008,133,39,8,553.52,'2020-03-29 00:01:51'),(12,1010,129,328,18,1117.44,'2020-03-29 00:01:51'),(13,1011,146,194,2,143.24,'2020-03-29 00:01:51'),(14,1012,164,173,4,189.68,'2020-03-29 00:01:51'),(15,1013,191,269,11,271.26,'2020-03-29 00:01:51'),(16,1014,151,253,16,82.4,'2020-03-29 00:01:51'),(17,1015,169,5,18,1373.22,'2020-03-29 00:01:51'),(18,1016,176,71,12,522.96,'2020-03-29 00:01:51'),(19,1017,107,167,8,463.52,'2020-03-29 00:01:51'),(20,1018,202,77,17,1211.08,'2020-03-29 00:01:51'),(21,1019,152,64,18,1020.24,'2020-03-29 00:01:51'),(22,1020,187,266,12,606.36,'2020-03-29 00:01:51'),(23,1021,149,172,14,522.06,'2020-03-29 00:01:51'),(24,1022,175,252,16,384,'2020-03-29 00:01:51'),(25,1023,138,103,8,186.72,'2020-03-29 00:01:51'),(26,1024,182,5,6,457.74,'2020-03-29 00:01:51'),(27,1025,190,25,12,359.4,'2020-03-29 00:01:51'),(28,1026,170,316,8,336.56,'2020-03-29 00:01:51'),(29,1027,174,300,17,894.54,'2020-03-29 00:01:51'),(30,1028,146,97,2,111.7,'2020-03-29 00:01:51'),(31,1029,140,55,16,1148.8,'2020-03-29 00:01:51'),(32,1030,201,216,16,1315.04,'2020-03-29 00:01:51'),(33,1031,137,66,10,839.4,'2020-03-29 00:01:51'),(34,1032,110,289,2,30.92,'2020-03-29 00:01:51'),(35,1033,118,275,10,722.6,'2020-03-29 00:01:51'),(36,1033,118,296,10,848.2,'2020-03-29 00:01:51'),(37,1033,118,63,15,698.55,'2020-03-29 00:01:51'),(38,1033,118,223,18,945.54,'2020-03-29 00:01:51'),(39,1037,157,332,7,466.55,'2020-03-29 00:01:51'),(40,1038,119,27,6,232.56,'2020-03-29 00:01:51'),(41,1039,146,2,7,568.68,'2020-03-29 00:01:51'),(42,1040,193,246,2,3.08,'2020-03-29 00:01:51'),(43,1041,113,58,17,1072.87,'2020-03-29 00:01:51'),(44,1042,132,297,6,371.16,'2020-03-29 00:01:51'),(45,1043,172,148,4,150.36,'2020-03-29 00:01:51'),(46,1044,181,19,11,165.66,'2020-03-29 00:01:51'),(47,1045,197,47,15,470.7,'2020-03-29 00:01:51'),(48,1046,177,227,8,89.12,'2020-03-29 00:01:51'),(49,1047,123,114,15,1026,'2020-03-29 00:01:51'),(50,1048,194,109,7,381.57,'2020-03-29 00:01:51'),(51,1049,182,50,16,1301.12,'2020-03-29 00:01:51'),(52,1049,182,184,5,291.45,'2020-03-29 00:01:51'),(53,1051,120,145,17,218.96,'2020-03-29 00:01:51'),(54,1052,109,269,3,73.98,'2020-03-29 00:01:51'),(55,1053,118,313,14,1038.66,'2020-03-29 00:01:51'),(56,1054,118,180,10,613.1,'2020-03-29 00:01:51'),(57,1055,150,317,10,616.9,'2020-03-29 00:01:51'),(58,1056,107,37,14,578.2,'2020-03-29 00:01:51'),(59,1057,150,86,9,713.25,'2020-03-29 00:01:51'),(60,1058,128,227,6,66.84,'2020-03-29 00:01:51'),(61,1059,197,289,9,139.14,'2020-03-29 00:01:51'),(62,1060,197,189,4,138.48,'2020-03-29 00:01:51'),(63,1061,153,309,12,227.88,'2020-03-29 00:01:51'),(64,1062,190,110,18,1350,'2020-03-29 00:01:51'),(65,1063,154,158,5,64.9,'2020-03-29 00:01:51'),(66,1064,125,110,8,600,'2020-03-29 00:01:51'),(67,1065,120,334,6,492.06,'2020-03-29 00:01:51'),(68,1066,185,15,18,1236.6,'2020-03-29 00:01:51'),(69,1067,107,103,5,116.7,'2020-03-29 00:01:51'),(70,1068,121,42,7,597.45,'2020-03-29 00:01:51'),(71,1069,184,150,16,1033.44,'2020-03-29 00:01:51'),(72,1070,195,236,17,1124.72,'2020-03-29 00:01:51'),(73,1071,130,40,8,515.2,'2020-03-29 00:01:51'),(74,1072,165,80,17,1430.21,'2020-03-29 00:01:51'),(75,1073,183,300,3,157.86,'2020-03-29 00:01:51'),(76,1074,168,43,6,105.48,'2020-03-29 00:01:51'),(77,1075,201,102,18,44.28,'2020-03-29 00:01:51'),(78,1076,168,215,6,239.64,'2020-03-29 00:01:51'),(79,1077,136,34,4,147.36,'2020-03-29 00:01:51'),(80,1078,143,261,16,1032.48,'2020-03-29 00:01:51'),(81,1079,192,82,9,643.32,'2020-03-29 00:01:51'),(82,1080,107,283,11,358.93,'2020-03-29 00:01:51'),(83,1081,204,231,10,847.4,'2020-03-29 00:01:51'),(84,1082,164,215,9,359.46,'2020-03-29 00:01:51'),(85,1083,204,59,13,240.63,'2020-03-29 00:01:51'),(86,1084,141,153,10,551.3,'2020-03-29 00:01:51'),(87,1085,110,256,7,185.29,'2020-03-29 00:01:51'),(88,1086,133,297,11,680.46,'2020-03-29 00:01:51'),(89,1087,170,156,1,15.36,'2020-03-29 00:01:51'),(90,1088,139,8,15,862.8,'2020-03-29 00:01:51'),(91,1089,185,309,3,56.97,'2020-03-29 00:01:51'),(92,1090,192,183,8,10,'2020-03-29 00:01:51'),(93,1091,162,148,11,413.49,'2020-03-29 00:01:51'),(94,1092,125,264,7,578.9,'2020-03-29 00:01:51'),(95,1093,173,325,7,575.12,'2020-03-29 00:01:51'),(96,1094,200,124,8,671.2,'2020-03-29 00:01:51'),(97,1095,190,319,2,36.4,'2020-03-29 00:01:51'),(98,1096,112,4,11,132,'2020-03-29 00:01:51'),(99,1097,208,318,14,23.52,'2020-03-29 00:01:51'),(100,1098,176,130,11,387.75,'2020-03-29 00:01:51'),(101,1099,112,336,5,195.15,'2020-03-29 00:01:51'),(102,1100,114,173,18,853.56,'2020-03-29 00:01:51'),(103,1101,203,100,6,108.12,'2020-03-29 00:01:51'),(104,1102,166,294,18,466.38,'2020-03-29 00:01:51'),(105,1103,146,196,5,444.65,'2020-03-29 00:01:51'),(106,1104,110,193,11,37.95,'2020-03-29 00:01:51'),(107,1105,197,219,3,229.89,'2020-03-29 00:01:51'),(108,1106,186,132,1,30.86,'2020-03-29 00:01:51'),(109,1107,175,81,12,196.8,'2020-03-29 00:01:51'),(110,1108,186,154,3,155.31,'2020-03-29 00:01:51'),(111,1109,144,38,10,181.1,'2020-03-29 00:01:51'),(112,1110,120,285,16,582.08,'2020-03-29 00:01:51'),(113,1111,180,252,10,240,'2020-03-29 00:01:51'),(114,1112,195,259,14,112.14,'2020-03-29 00:01:51'),(115,1113,121,305,6,220.32,'2020-03-29 00:01:51'),(116,1114,132,131,14,802.9,'2020-03-29 00:01:51'),(117,1115,113,113,7,576.17,'2020-03-29 00:01:51'),(118,1116,126,222,13,413.66,'2020-03-29 00:01:51'),(119,1117,123,141,14,1217.02,'2020-03-29 00:01:51'),(120,1118,179,99,5,209.9,'2020-03-29 00:01:51'),(121,1119,131,233,18,1574.64,'2020-03-29 00:01:51'),(122,1120,172,107,12,356.28,'2020-03-29 00:01:51'),(123,1121,143,239,17,294.61,'2020-03-29 00:01:51'),(124,1122,125,256,11,291.17,'2020-03-29 00:01:51'),(125,1123,122,336,12,468.36,'2020-03-29 00:01:51'),(126,1124,130,174,17,556.41,'2020-03-29 00:01:51'),(127,1125,114,71,17,740.86,'2020-03-29 00:01:51'),(128,1126,136,321,8,238.32,'2020-03-29 00:01:51'),(129,1127,148,30,9,544.68,'2020-03-29 00:01:51'),(130,1128,189,19,15,225.9,'2020-03-29 00:01:51'),(131,1129,155,242,15,331.8,'2020-03-29 00:01:51'),(132,1130,110,148,14,526.26,'2020-03-29 00:01:51'),(133,1131,126,241,13,1034.28,'2020-03-29 00:01:51'),(134,1132,186,321,10,297.9,'2020-03-29 00:01:51'),(135,1133,153,202,6,130.98,'2020-03-29 00:01:51'),(136,1134,163,146,13,467.48,'2020-03-29 00:01:51'),(137,1135,202,175,10,753.3,'2020-03-29 00:01:51'),(138,1136,124,291,1,15.59,'2020-03-29 00:01:51'),(139,1137,126,84,8,592.96,'2020-03-29 00:01:51'),(140,1138,174,55,18,1292.4,'2020-03-29 00:01:51'),(141,1139,113,219,12,919.56,'2020-03-29 00:01:51'),(142,1140,193,188,18,570.24,'2020-03-29 00:01:51'),(143,1141,171,159,5,436.95,'2020-03-29 00:01:51'),(144,1142,183,227,2,22.28,'2020-03-29 00:01:51'),(145,1143,195,23,13,879.19,'2020-03-29 00:01:51'),(146,1144,187,316,6,252.42,'2020-03-29 00:01:51'),(147,1145,106,199,13,714.48,'2020-03-29 00:01:51'),(148,1146,147,118,17,325.04,'2020-03-29 00:01:51'),(149,1147,165,96,15,1287.45,'2020-03-29 00:01:51'),(150,1148,156,98,7,444.64,'2020-03-29 00:01:51'),(151,1149,113,203,5,126,'2020-03-29 00:01:51'),(152,1150,110,42,6,512.1,'2020-03-29 00:01:51'),(153,1151,131,103,5,116.7,'2020-03-29 00:01:51'),(154,1152,160,59,12,222.12,'2020-03-29 00:01:51'),(155,1153,179,261,13,838.89,'2020-03-29 00:01:51'),(156,1154,151,293,7,422.03,'2020-03-29 00:01:51'),(157,1155,160,333,14,195.3,'2020-03-29 00:01:51'),(158,1156,186,331,9,242.55,'2020-03-29 00:01:51'),(159,1157,148,18,18,1571.58,'2020-03-29 00:01:51'),(160,1158,189,237,12,25.08,'2020-03-29 00:01:51'),(161,1159,207,17,10,83.2,'2020-03-29 00:01:51'),(162,1160,183,294,8,207.28,'2020-03-29 00:01:51'),(163,1161,194,205,11,759.22,'2020-03-29 00:01:51'),(164,1162,122,329,11,947.43,'2020-03-29 00:01:51'),(165,1163,167,198,10,614.8,'2020-03-29 00:01:51'),(166,1164,142,83,18,1100.52,'2020-03-29 00:01:51'),(167,1165,181,145,6,77.28,'2020-03-29 00:01:51'),(168,1166,108,95,10,776.4,'2020-03-29 00:01:51'),(169,1167,129,152,2,159.58,'2020-03-29 00:01:51'),(170,1168,163,330,3,213.03,'2020-03-29 00:01:51'),(171,1169,183,178,5,292.05,'2020-03-29 00:01:51'),(172,1170,120,73,7,513.24,'2020-03-29 00:01:51'),(173,1171,196,294,12,310.92,'2020-03-29 00:01:51'),(174,1172,139,328,1,62.08,'2020-03-29 00:01:51'),(175,1173,119,295,13,60.71,'2020-03-29 00:01:51'),(176,1174,207,205,7,483.14,'2020-03-29 00:01:51'),(177,1175,142,67,3,253.2,'2020-03-29 00:01:51'),(178,1176,171,307,6,243.24,'2020-03-29 00:01:51'),(179,1177,191,173,7,331.94,'2020-03-29 00:01:51'),(180,1178,111,280,8,640.88,'2020-03-29 00:01:51'),(181,1179,184,166,5,230.8,'2020-03-29 00:01:51'),(182,1180,109,263,6,346.38,'2020-03-29 00:01:51'),(183,1181,135,280,12,961.32,'2020-03-29 00:01:51'),(184,1182,134,176,15,940.8,'2020-03-29 00:01:51'),(185,1183,204,332,8,533.2,'2020-03-29 00:01:51'),(186,1184,135,85,17,1035.13,'2020-03-29 00:01:51'),(187,1185,203,44,13,1045.85,'2020-03-29 00:01:51'),(188,1186,144,305,7,257.04,'2020-03-29 00:01:51'),(189,1187,144,138,17,825.69,'2020-03-29 00:01:51'),(190,1188,159,320,6,151.14,'2020-03-29 00:01:51'),(191,1189,113,152,3,239.37,'2020-03-29 00:01:51'),(192,1190,117,146,12,431.52,'2020-03-29 00:01:51'),(193,1191,192,89,1,12.55,'2020-03-29 00:01:51'),(194,1192,126,234,6,417.3,'2020-03-29 00:01:51'),(195,1193,197,156,16,245.76,'2020-03-29 00:01:51'),(196,1194,142,282,8,357.44,'2020-03-29 00:01:51'),(197,1195,135,218,6,463.5,'2020-03-29 00:01:51'),(198,1196,206,62,9,304.11,'2020-03-29 00:01:51'),(199,1197,130,161,13,664.04,'2020-03-29 00:01:51'),(200,1198,203,318,3,5.04,'2020-03-29 00:01:51'),(201,1199,195,252,6,144,'2020-03-29 00:01:51'),(202,1200,181,191,12,830.88,'2020-03-29 00:01:51'),(203,1201,114,177,4,31.36,'2020-03-29 00:01:51'),(204,1202,119,187,7,287.28,'2020-03-29 00:01:51'),(205,1203,126,14,14,614.32,'2020-03-29 00:01:51'),(206,1204,203,189,17,588.54,'2020-03-29 00:01:51'),(207,1205,155,310,5,245.25,'2020-03-29 00:01:51'),(208,1206,140,141,4,347.72,'2020-03-29 00:01:51'),(209,1207,188,195,8,361.76,'2020-03-29 00:01:51'),(210,1208,203,66,9,755.46,'2020-03-29 00:01:51'),(211,1209,138,34,17,626.28,'2020-03-29 00:01:51'),(212,1210,132,315,2,24.2,'2020-03-29 00:01:51'),(213,1211,157,77,12,854.88,'2020-03-29 00:01:51'),(214,1212,200,298,11,357.83,'2020-03-29 00:01:51'),(215,1213,183,256,9,238.23,'2020-03-29 00:01:51'),(216,1214,181,43,1,17.58,'2020-03-29 00:01:51'),(217,1215,129,82,14,1000.72,'2020-03-29 00:01:51'),(218,1216,117,295,5,23.35,'2020-03-29 00:01:51'),(219,1217,152,165,4,232.56,'2020-03-29 00:01:51'),(220,1218,186,234,7,486.85,'2020-03-29 00:01:51'),(221,1219,141,123,15,123.9,'2020-03-29 00:01:51'),(222,1220,163,137,17,887.4,'2020-03-29 00:01:51'),(223,1221,120,91,18,121.32,'2020-03-29 00:01:51'),(224,1222,183,235,6,232.32,'2020-03-29 00:01:51'),(225,1223,127,7,3,260.1,'2020-03-29 00:01:51'),(226,1224,176,32,15,1099.8,'2020-03-29 00:01:51'),(227,1225,120,106,6,181.74,'2020-03-29 00:01:51'),(228,1226,164,132,9,277.74,'2020-03-29 00:01:51'),(229,1227,180,136,14,272.02,'2020-03-29 00:01:51'),(230,1228,129,157,12,299.52,'2020-03-29 00:01:51'),(231,1229,144,40,14,901.6,'2020-03-29 00:01:51'),(232,1230,137,13,10,238.6,'2020-03-29 00:01:51'),(233,1231,118,80,4,336.52,'2020-03-29 00:01:51'),(234,1232,120,288,11,379.06,'2020-03-29 00:01:51'),(235,1233,121,327,8,381.68,'2020-03-29 00:01:51'),(236,1234,114,298,8,260.24,'2020-03-29 00:01:51'),(237,1235,183,258,8,108.72,'2020-03-29 00:01:51'),(238,1236,142,44,2,160.9,'2020-03-29 00:01:51'),(239,1237,115,105,6,126.54,'2020-03-29 00:01:51'),(240,1238,190,32,4,293.28,'2020-03-29 00:01:51'),(241,1239,197,314,8,442.32,'2020-03-29 00:01:51'),(242,1240,165,199,7,384.72,'2020-03-29 00:01:51'),(243,1241,196,65,18,505.62,'2020-03-29 00:01:51'),(244,1242,152,303,2,107.76,'2020-03-29 00:01:51'),(245,1243,116,86,17,1347.25,'2020-03-29 00:01:51'),(246,1244,195,123,8,66.08,'2020-03-29 00:01:51'),(247,1245,145,109,2,109.02,'2020-03-29 00:01:51'),(248,1246,178,238,7,102.13,'2020-03-29 00:01:51'),(249,1247,129,95,7,543.48,'2020-03-29 00:01:51'),(250,1248,128,307,14,567.56,'2020-03-29 00:01:51'),(251,1249,131,181,3,49.95,'2020-03-29 00:01:51'),(252,1250,126,259,13,104.13,'2020-03-29 00:01:51'),(253,1251,155,271,12,862.56,'2020-03-29 00:01:51'),(254,1252,189,273,1,12.1,'2020-03-29 00:01:51'),(255,1253,121,259,16,128.16,'2020-03-29 00:01:51'),(256,1254,149,74,2,7.9,'2020-03-29 00:01:51'),(257,1255,158,292,8,236.88,'2020-03-29 00:01:51'),(258,1256,151,40,15,966,'2020-03-29 00:01:51'),(259,1257,176,308,12,999.36,'2020-03-29 00:01:51'),(260,1258,179,213,11,254.65,'2020-03-29 00:01:51'),(261,1259,185,279,3,252.72,'2020-03-29 00:01:51'),(262,1260,198,85,12,730.68,'2020-03-29 00:01:51'),(263,1261,179,156,11,168.96,'2020-03-29 00:01:51'),(264,1262,130,292,6,177.66,'2020-03-29 00:01:51'),(265,1263,148,123,12,99.12,'2020-03-29 00:01:51'),(266,1264,203,22,2,104.04,'2020-03-29 00:01:51'),(267,1265,170,182,9,241.56,'2020-03-29 00:01:51'),(268,1266,129,123,6,49.56,'2020-03-29 00:01:51'),(269,1267,199,271,5,359.4,'2020-03-29 00:01:51'),(270,1268,201,298,10,325.3,'2020-03-29 00:01:51'),(271,1269,108,46,18,679.68,'2020-03-29 00:01:51'),(272,1270,190,138,5,242.85,'2020-03-29 00:01:51'),(273,1271,124,77,11,783.64,'2020-03-29 00:01:51'),(274,1272,163,15,9,618.3,'2020-03-29 00:01:51'),(275,1273,124,83,16,978.24,'2020-03-29 00:01:51'),(276,1274,184,48,8,228.56,'2020-03-29 00:01:51'),(277,1275,164,64,15,850.2,'2020-03-29 00:01:51'),(278,1276,139,219,5,383.15,'2020-03-29 00:01:51'),(279,1277,188,23,9,608.67,'2020-03-29 00:01:51'),(280,1278,200,300,8,420.96,'2020-03-29 00:01:51'),(281,1279,140,59,17,314.67,'2020-03-29 00:01:51'),(282,1280,189,298,14,455.42,'2020-03-29 00:01:51'),(283,1281,195,16,18,915.3,'2020-03-29 00:01:51'),(284,1282,191,133,6,73.62,'2020-03-29 00:01:51'),(285,1283,128,259,1,8.01,'2020-03-29 00:01:51'),(286,1284,115,76,18,240.48,'2020-03-29 00:01:51'),(287,1285,136,151,4,54.32,'2020-03-29 00:01:51'),(288,1286,121,268,12,590.28,'2020-03-29 00:01:51'),(289,1287,134,237,12,25.08,'2020-03-29 00:01:51'),(290,1288,126,136,3,58.29,'2020-03-29 00:01:51'),(291,1289,194,305,4,146.88,'2020-03-29 00:01:51'),(292,1290,145,127,8,662.32,'2020-03-29 00:01:51'),(293,1291,138,77,4,284.96,'2020-03-29 00:01:51'),(294,1292,152,96,13,1115.79,'2020-03-29 00:01:51'),(295,1293,187,285,6,218.28,'2020-03-29 00:01:51'),(296,1294,182,289,2,30.92,'2020-03-29 00:01:51'),(297,1295,207,12,3,225.87,'2020-03-29 00:01:51'),(298,1296,177,53,11,250.47,'2020-03-29 00:01:51'),(299,1297,141,310,12,588.6,'2020-03-29 00:01:51'),(300,1298,166,288,7,241.22,'2020-03-29 00:01:51'),(301,1299,113,70,12,335.04,'2020-03-29 00:01:51'),(302,1300,175,20,14,843.36,'2020-03-29 00:01:51'),(303,1301,124,263,14,808.22,'2020-03-29 00:01:51'),(304,1302,107,303,3,161.64,'2020-03-29 00:01:51'),(305,1303,142,55,11,789.8,'2020-03-29 00:01:51'),(306,1304,205,59,4,74.04,'2020-03-29 00:01:51'),(307,1305,178,326,5,344.15,'2020-03-29 00:01:51'),(308,1306,205,315,9,108.9,'2020-03-29 00:01:51'),(309,1307,175,63,12,558.84,'2020-03-29 00:01:51'),(310,1308,107,214,15,793.5,'2020-03-29 00:01:51'),(311,1309,156,199,8,439.68,'2020-03-29 00:01:51'),(312,1310,143,263,6,346.38,'2020-03-29 00:01:51'),(313,1311,175,128,7,231.21,'2020-03-29 00:01:51'),(314,1312,157,117,11,729.41,'2020-03-29 00:01:51'),(315,1313,130,312,5,121.6,'2020-03-29 00:01:51'),(316,1314,139,276,5,435.35,'2020-03-29 00:01:51'),(317,1315,184,109,17,926.67,'2020-03-29 00:01:51'),(318,1316,125,233,16,1399.68,'2020-03-29 00:01:51'),(319,1317,165,266,18,909.54,'2020-03-29 00:01:51'),(320,1318,180,203,9,226.8,'2020-03-29 00:01:51'),(321,1319,202,94,2,7.26,'2020-03-29 00:01:51'),(322,1320,195,226,9,642.24,'2020-03-29 00:01:51'),(323,1321,179,33,9,248.4,'2020-03-29 00:01:51'),(324,1322,178,199,12,659.52,'2020-03-29 00:01:51'),(325,1323,148,181,1,16.65,'2020-03-29 00:01:51'),(326,1324,205,104,1,6.18,'2020-03-29 00:01:51'),(327,1325,185,289,7,108.22,'2020-03-29 00:01:51'),(328,1326,122,270,17,271.49,'2020-03-29 00:01:51'),(329,1327,198,322,13,1158.43,'2020-03-29 00:01:51'),(330,1328,129,102,15,36.9,'2020-03-29 00:01:51'),(331,1329,145,256,7,185.29,'2020-03-29 00:01:51'),(332,1330,187,301,11,260.37,'2020-03-29 00:01:51'),(333,1331,135,71,4,174.32,'2020-03-29 00:01:51'),(334,1332,145,211,14,1218.28,'2020-03-29 00:01:51'),(335,1333,196,126,3,227.49,'2020-03-29 00:01:51'),(336,1334,199,94,14,50.82,'2020-03-29 00:01:51'),(337,1335,135,123,6,49.56,'2020-03-29 00:01:51'),(338,1336,160,333,10,139.5,'2020-03-29 00:01:51'),(339,1337,180,218,4,309,'2020-03-29 00:01:51'),(340,1338,130,208,3,16.38,'2020-03-29 00:01:51'),(341,1339,130,247,16,1053.92,'2020-03-29 00:01:51'),(342,1340,188,55,8,574.4,'2020-03-29 00:01:51'),(343,1341,140,329,5,430.65,'2020-03-29 00:01:51'),(344,1342,134,197,9,686.52,'2020-03-29 00:01:51'),(345,1343,191,255,16,685.28,'2020-03-29 00:01:51'),(346,1344,184,22,1,52.02,'2020-03-29 00:01:51'),(347,1345,168,87,7,84.56,'2020-03-29 00:01:51'),(348,1346,123,97,7,390.95,'2020-03-29 00:01:51'),(349,1347,151,209,10,28.4,'2020-03-29 00:01:51'),(350,1348,157,275,11,794.86,'2020-03-29 00:01:51'),(351,1349,190,109,14,763.14,'2020-03-29 00:01:51'),(352,1350,185,54,9,280.8,'2020-03-29 00:01:51'),(353,1351,183,227,6,66.84,'2020-03-29 00:01:51'),(354,1352,108,99,11,461.78,'2020-03-29 00:01:51'),(355,1353,155,136,11,213.73,'2020-03-29 00:01:51'),(356,1354,151,182,4,107.36,'2020-03-29 00:01:51'),(357,1355,184,58,7,441.77,'2020-03-29 00:01:51'),(358,1356,112,140,7,317.73,'2020-03-29 00:01:51'),(359,1357,113,303,12,646.56,'2020-03-29 00:01:51'),(360,1358,125,109,16,872.16,'2020-03-29 00:01:51'),(361,1359,139,129,12,657.72,'2020-03-29 00:01:51'),(362,1360,154,194,17,1217.54,'2020-03-29 00:01:51'),(363,1361,128,130,12,423,'2020-03-29 00:01:51'),(364,1362,140,209,16,45.44,'2020-03-29 00:01:51'),(365,1363,206,276,16,1393.12,'2020-03-29 00:01:51'),(366,1364,190,28,12,328.08,'2020-03-29 00:01:51'),(367,1365,162,211,10,870.2,'2020-03-29 00:01:51'),(368,1366,195,133,14,171.78,'2020-03-29 00:01:51'),(369,1367,121,10,12,792.72,'2020-03-29 00:01:51'),(370,1368,106,68,18,640.98,'2020-03-29 00:01:51'),(371,1369,106,54,1,31.2,'2020-03-29 00:01:51'),(372,1370,159,40,4,257.6,'2020-03-29 00:01:51'),(373,1371,136,208,11,60.06,'2020-03-29 00:01:51'),(374,1372,200,126,6,454.98,'2020-03-29 00:01:51'),(375,1373,195,147,17,545.19,'2020-03-29 00:01:51'),(376,1374,163,228,12,940.92,'2020-03-29 00:01:51'),(377,1375,132,167,13,753.22,'2020-03-29 00:01:51'),(378,1376,169,154,6,310.62,'2020-03-29 00:01:51'),(379,1377,192,15,17,1167.9,'2020-03-29 00:01:51'),(380,1378,152,72,13,589.55,'2020-03-29 00:01:51'),(381,1379,196,203,7,176.4,'2020-03-29 00:01:51'),(382,1380,145,307,11,445.94,'2020-03-29 00:01:51'),(383,1381,133,102,2,4.92,'2020-03-29 00:01:51'),(384,1382,201,36,15,874.95,'2020-03-29 00:01:51'),(385,1383,155,215,10,399.4,'2020-03-29 00:01:51'),(386,1384,188,325,6,492.96,'2020-03-29 00:01:51'),(387,1385,171,129,14,767.34,'2020-03-29 00:01:51'),(388,1386,200,307,12,486.48,'2020-03-29 00:01:51'),(389,1387,145,263,18,1039.14,'2020-03-29 00:01:51'),(390,1388,138,313,14,1038.66,'2020-03-29 00:01:51'),(391,1389,139,11,16,932.64,'2020-03-29 00:01:51'),(392,1390,136,233,15,1312.2,'2020-03-29 00:01:51'),(393,1391,144,65,9,252.81,'2020-03-29 00:01:51'),(394,1392,120,151,3,40.74,'2020-03-29 00:01:51'),(395,1393,138,143,6,493.56,'2020-03-29 00:01:51'),(396,1394,116,239,8,138.64,'2020-03-29 00:01:51'),(397,1395,148,192,15,1329.6,'2020-03-29 00:01:51'),(398,1396,189,325,11,903.76,'2020-03-29 00:01:51'),(399,1397,174,220,9,624.96,'2020-03-29 00:01:51'),(400,1398,197,43,3,52.74,'2020-03-29 00:01:51'),(401,1399,135,181,8,133.2,'2020-03-29 00:01:51'),(402,1400,191,37,6,247.8,'2020-03-29 00:01:51'),(403,1401,158,210,4,357.92,'2020-03-29 00:01:51'),(404,1402,205,34,14,515.76,'2020-03-29 00:01:51'),(405,1403,145,43,5,87.9,'2020-03-29 00:01:51'),(406,1404,128,271,8,575.04,'2020-03-29 00:01:51'),(407,1405,141,42,7,597.45,'2020-03-29 00:01:51'),(408,1406,163,292,4,118.44,'2020-03-29 00:01:51'),(409,1407,133,216,14,1150.66,'2020-03-29 00:01:51'),(410,1408,200,186,8,717.6,'2020-03-29 00:01:51'),(411,1409,134,247,2,131.74,'2020-03-29 00:01:51'),(412,1410,189,120,4,114.84,'2020-03-29 00:01:51'),(413,1411,128,154,4,207.08,'2020-03-29 00:01:51'),(414,1412,167,319,16,291.2,'2020-03-29 00:01:51'),(415,1413,164,53,7,159.39,'2020-03-29 00:01:51'),(416,1414,186,235,2,77.44,'2020-03-29 00:01:51'),(417,1415,122,302,13,823.03,'2020-03-29 00:01:51'),(418,1416,126,147,14,448.98,'2020-03-29 00:01:51'),(419,1417,167,313,14,1038.66,'2020-03-29 00:01:51'),(420,1418,170,198,11,676.28,'2020-03-29 00:01:51'),(421,1419,207,201,15,265.95,'2020-03-29 00:01:51'),(422,1420,190,257,16,392.32,'2020-03-29 00:01:51'),(423,1421,156,281,10,14.6,'2020-03-29 00:01:51'),(424,1422,114,123,11,90.86,'2020-03-29 00:01:51'),(425,1423,128,152,9,718.11,'2020-03-29 00:01:51'),(426,1424,142,128,12,396.36,'2020-03-29 00:01:51'),(427,1425,134,290,1,63.57,'2020-03-29 00:01:51'),(428,1426,109,73,12,879.84,'2020-03-29 00:01:51'),(429,1427,153,285,6,218.28,'2020-03-29 00:01:51'),(430,1428,146,5,17,1296.93,'2020-03-29 00:01:51'),(431,1429,110,190,14,974.68,'2020-03-29 00:01:51'),(432,1430,120,310,8,392.4,'2020-03-29 00:01:51'),(433,1431,179,228,2,156.82,'2020-03-29 00:01:51'),(434,1432,178,154,9,465.93,'2020-03-29 00:01:51'),(435,1433,116,2,17,1381.08,'2020-03-29 00:01:51'),(436,1434,174,198,14,860.72,'2020-03-29 00:01:51'),(437,1435,143,299,12,791.4,'2020-03-29 00:01:51'),(438,1436,116,247,15,988.05,'2020-03-29 00:01:51'),(439,1437,188,190,6,417.72,'2020-03-29 00:01:51'),(440,1438,164,79,12,354.72,'2020-03-29 00:01:51'),(441,1439,171,51,2,168.56,'2020-03-29 00:01:51'),(442,1440,191,16,5,254.25,'2020-03-29 00:01:51'),(443,1441,172,184,16,932.64,'2020-03-29 00:01:51'),(444,1442,174,12,17,1279.93,'2020-03-29 00:01:51'),(445,1443,146,231,6,508.44,'2020-03-29 00:01:51'),(446,1444,185,326,8,550.64,'2020-03-29 00:01:51'),(447,1445,191,29,11,152.79,'2020-03-29 00:01:51'),(448,1446,208,90,1,87.85,'2020-03-29 00:01:51'),(449,1447,175,104,2,12.36,'2020-03-29 00:01:51'),(450,1448,184,87,8,96.64,'2020-03-29 00:01:51'),(451,1449,138,294,8,207.28,'2020-03-29 00:01:51'),(452,1450,132,308,6,499.68,'2020-03-29 00:01:51'),(453,1451,195,173,5,237.1,'2020-03-29 00:01:51'),(454,1452,131,139,11,77.66,'2020-03-29 00:01:51'),(455,1453,194,335,10,383.3,'2020-03-29 00:01:51'),(456,1454,135,122,8,691.04,'2020-03-29 00:01:51'),(457,1455,192,275,18,1300.68,'2020-03-29 00:01:51'),(458,1456,203,329,17,1464.21,'2020-03-29 00:01:51'),(459,1457,187,127,15,1241.85,'2020-03-29 00:01:51'),(460,1458,180,143,9,740.34,'2020-03-29 00:01:51'),(461,1459,166,227,16,178.24,'2020-03-29 00:01:51'),(462,1460,166,141,16,1390.88,'2020-03-29 00:01:51'),(463,1461,186,216,12,986.28,'2020-03-29 00:01:51'),(464,1462,187,110,2,150,'2020-03-29 00:01:51'),(465,1463,146,159,5,436.95,'2020-03-29 00:01:51'),(466,1464,122,182,1,26.84,'2020-03-29 00:01:51'),(467,1465,146,255,8,342.64,'2020-03-29 00:01:51'),(468,1466,204,29,8,111.12,'2020-03-29 00:01:51'),(469,1467,198,172,8,298.32,'2020-03-29 00:01:51'),(470,1468,137,270,15,239.55,'2020-03-29 00:01:51'),(471,1469,153,272,13,1025.18,'2020-03-29 00:01:51'),(472,1470,175,242,15,331.8,'2020-03-29 00:01:51'),(473,1471,111,96,3,257.49,'2020-03-29 00:01:51'),(474,1472,208,244,15,199.2,'2020-03-29 00:01:51'),(475,1473,191,19,18,271.08,'2020-03-29 00:01:51'),(476,1474,203,211,8,696.16,'2020-03-29 00:01:51'),(477,1475,108,11,15,874.35,'2020-03-29 00:01:51'),(478,1476,140,188,12,380.16,'2020-03-29 00:01:51'),(479,1477,181,140,14,635.46,'2020-03-29 00:01:51'),(480,1478,137,328,8,496.64,'2020-03-29 00:01:51'),(481,1479,199,133,13,159.51,'2020-03-29 00:01:51'),(482,1480,181,172,17,633.93,'2020-03-29 00:01:51'),(483,1481,118,45,7,10.78,'2020-03-29 00:01:51'),(484,1482,208,244,9,119.52,'2020-03-29 00:01:51'),(485,1483,173,31,14,398.58,'2020-03-29 00:01:51'),(486,1484,180,95,1,77.64,'2020-03-29 00:01:51'),(487,1485,106,84,3,222.36,'2020-03-29 00:01:51'),(488,1486,160,321,12,357.48,'2020-03-29 00:01:51'),(489,1487,176,241,6,477.36,'2020-03-29 00:01:51'),(490,1488,192,309,14,265.86,'2020-03-29 00:01:51'),(491,1489,128,230,9,30.06,'2020-03-29 00:01:51'),(492,1490,153,168,8,59.68,'2020-03-29 00:01:51'),(493,1491,147,142,8,564.32,'2020-03-29 00:01:51'),(494,1492,153,294,14,362.74,'2020-03-29 00:01:51'),(495,1493,201,58,8,504.88,'2020-03-29 00:01:51'),(496,1494,192,157,18,449.28,'2020-03-29 00:01:51'),(497,1495,142,200,16,332.48,'2020-03-29 00:01:51'),(498,1496,177,155,8,232.24,'2020-03-29 00:01:51'),(499,1497,192,67,4,337.6,'2020-03-29 00:01:51'),(500,1498,195,266,7,353.71,'2020-03-29 00:01:51'),(501,1499,120,145,17,218.96,'2020-03-29 00:01:51'),(502,1500,188,47,3,94.14,'2020-03-29 00:01:51');
/*!40000 ALTER TABLE `orders` ENABLE KEYS */;
UNLOCK TABLES;
/*!50003 SET @saved_cs_client      = @@character_set_client */ ;
/*!50003 SET @saved_cs_results     = @@character_set_results */ ;
/*!50003 SET @saved_col_connection = @@collation_connection */ ;
/*!50003 SET character_set_client  = utf8mb4 */ ;
/*!50003 SET character_set_results = utf8mb4 */ ;
/*!50003 SET collation_connection  = utf8mb4_0900_ai_ci */ ;
/*!50003 SET @saved_sql_mode       = @@sql_mode */ ;
/*!50003 SET sql_mode              = 'ONLY_FULL_GROUP_BY,STRICT_TRANS_TABLES,NO_ZERO_IN_DATE,NO_ZERO_DATE,ERROR_FOR_DIVISION_BY_ZERO,NO_ENGINE_SUBSTITUTION' */ ;
DELIMITER ;;
/*!50003 CREATE*/ /*!50017 DEFINER=`sen4ik`@`localhost`*/ /*!50003 TRIGGER `order_insert_trg` AFTER INSERT ON `orders` FOR EACH ROW BEGIN
	
    DECLARE v_in_stock int(11) default 0;
    
    SELECT in_stock INTO v_in_stock FROM `artur_sentsov_db`.products WHERE id = NEW.product_id;
    
    UPDATE `artur_sentsov_db`.products SET `artur_sentsov_db`.products.in_stock = (v_in_stock - NEW.quantity);    

END */;;
DELIMITER ;
/*!50003 SET sql_mode              = @saved_sql_mode */ ;
/*!50003 SET character_set_client  = @saved_cs_client */ ;
/*!50003 SET character_set_results = @saved_cs_results */ ;
/*!50003 SET collation_connection  = @saved_col_connection */ ;

--
-- Table structure for table `products`
--

DROP TABLE IF EXISTS `products`;
/*!40101 SET @saved_cs_client     = @@character_set_client */;
/*!50503 SET character_set_client = utf8mb4 */;
CREATE TABLE `products` (
  `id` int(11) NOT NULL AUTO_INCREMENT,
  `title` varchar(250) DEFAULT NULL,
  `description` longtext,
  `sku` int(11) DEFAULT NULL,
  `price` double(5,2) DEFAULT NULL,
  `in_stock` int(11) DEFAULT NULL,
  PRIMARY KEY (`id`)
) ENGINE=InnoDB AUTO_INCREMENT=351 DEFAULT CHARSET=utf8;
/*!40101 SET character_set_client = @saved_cs_client */;

--
-- Dumping data for table `products`
--

LOCK TABLES `products` WRITE;
/*!40000 ALTER TABLE `products` DISABLE KEYS */;
INSERT INTO `products` VALUES (1,'Lychees','Architecto voluptatum rerum. Vel laudantium reiciendis rerum qui velit nulla itaque. Aut dolores maxime veniam hic maxime ipsum. Molestiae excepturi sed suscipit adipisci sint sequi qui. Aspernatur non deserunt omnis et officia. Et ut sit facere molestiae aliquid architecto dolor. Omnis eius quibusdam mollitia nisi. Eum aperiam autem sapiente. Aliquam magni aut saepe dolor laboriosam. Sequi recusandae officiis minus at rerum. Autem sed quidem tenetur vero. Labore voluptas inventore voluptatem repellat.',842383,87.05,282),(2,'Tomatoes','Voluptate et laudantium accusantium repudiandae dolores sunt. Sint autem sed qui velit. Ducimus nobis sunt. Fugiat sit asperiores molestiae. Voluptas autem ducimus et est ut nobis velit. Beatae corporis dolorem. Quis eveniet rem nam. Et ipsam aut sit maxime. Laborum animi sed eaque tenetur beatae. Porro autem illum numquam. Sint id inventore rerum assumenda fugiat nulla. Repellendus voluptas modi consequuntur soluta porro.',930471,81.24,139),(3,'Beans','Non quas reprehenderit. Harum neque voluptate quia. Maxime ut qui assumenda facilis libero voluptate error. Sunt quia neque nemo illum. Ratione sit aut enim consequatur maiores cumque quasi. Tenetur quod quae ea sit et quis natus. Consequatur inventore occaecati quia ipsam autem. Facere non qui. Ad nihil est. Consectetur voluptas aut amet id occaecati illo. Nam odit nam molestias aut ipsum veniam. Beatae eaque laboriosam.',628228,22.66,195),(4,'Galangal','Fugit et alias ratione ullam assumenda ratione. Consequatur exercitationem mollitia ea totam sed. Iste impedit est voluptate. Eum sed enim perspiciatis non consequatur qui perferendis. Provident voluptas nemo nobis et optio repudiandae. Veritatis ex aut. Vitae aliquid magnam sed autem incidunt delectus. Rerum in quia ab. Odit cupiditate non et quaerat. Aliquam rerum culpa distinctio et. Quod ut voluptate officiis vel quos consequatur eos. Dolore sapiente nihil et qui odio et.',372187,12.00,194),(5,'White rice','Rerum qui quisquam. Maiores alias eos omnis autem consequatur est. Asperiores quas rem et voluptas. Recusandae tempora provident natus qui modi. Praesentium rem asperiores consequatur est consectetur ut. Qui enim iure consectetur alias ut. Molestias voluptas et molestiae aperiam quisquam aliquid enim. Dolore laudantium voluptas at. Vitae non voluptas non ex id sint. Alias et dolore autem sapiente.',192653,76.29,22),(6,'Wholegrain Bread','Illo enim adipisci assumenda fugiat. Modi voluptatem dolores nihil et accusantium impedit. Aliquam ipsum nesciunt. Animi nisi quam deserunt. Corrupti at nam perferendis placeat tempore. Nihil quas ut sint quas eos. Eos a exercitationem perferendis. Voluptas aliquam unde reiciendis et non veritatis ad. Nesciunt ut corrupti non. Optio in occaecati officiis quia dolores.',273205,61.70,233),(7,'Chestnut','Pariatur magni cum sed rem sunt sit aspernatur. Dolores corrupti voluptas modi sed aliquid reprehenderit. Adipisci impedit possimus. Ut doloremque autem rem atque. Quae non qui sit id placeat et. Maiores id porro velit. Aut fuga tempore fuga. Dolore autem debitis necessitatibus. Accusamus at ut deserunt reiciendis earum itaque repellendus. Voluptas sit dolor veritatis quisquam eveniet. Qui laborum modi eius eaque ea.',699025,86.70,26),(8,'Aniseed','Voluptas optio unde repellendus labore. Voluptatum enim nihil. Quidem excepturi sed molestiae. Et qui dolorem. Unde iusto et a voluptatem voluptatem delectus est. Sapiente qui ducimus dolorem. Libero doloremque quidem et amet in. Suscipit sunt debitis velit quaerat dicta architecto laboriosam. Qui tempore temporibus maiores ut eligendi. Iste repellat exercitationem illo consequatur dolorum id. Minima neque dolores omnis iste quo nulla ratione.',643739,57.52,134),(9,'Asian Greens','Expedita facere corporis. Nemo ullam a iusto maxime ut velit. Voluptatem labore ipsum maiores labore. Assumenda est placeat amet voluptatibus reiciendis. Odit nihil cupiditate sit asperiores maxime. Necessitatibus ex qui molestiae non. Autem repudiandae dolorem ut aliquam mollitia consectetur. Voluptatem numquam accusamus repellendus dolores. Voluptatum debitis repellat rerum cumque quo non tenetur. Tempore dolorum praesentium numquam sit consequuntur sed fugiat. Dignissimos sit quasi voluptatum a ea impedit. Ea reiciendis harum itaque sunt quia tempora nobis.',802287,83.81,227),(10,'Goji Berry','Quaerat sed explicabo ea minima. Quisquam est libero. Possimus eos ipsa similique tempore dolor. Aut saepe eum laudantium repellat velit reiciendis consequuntur. Quae odit aut laudantium et. Eum officia aut. Dolores accusamus molestiae suscipit aut. Rerum minima voluptatem. Maxime in eos. Earum nihil qui eos qui esse necessitatibus voluptatum.',122786,66.06,16),(11,'Fresh Chillies','Hic blanditiis ratione. Eum ullam nam nihil. Recusandae alias quis. Eveniet aut pariatur cumque error. Sint nam rerum dolorum necessitatibus ut. Sint mollitia beatae qui qui. Modi voluptate quasi quo temporibus suscipit. Qui aperiam voluptas itaque corrupti autem voluptas. Optio pariatur eligendi sed est quaerat. Eum omnis ipsam.',452481,58.29,104),(12,'Jarrahdale Pumpkin','Voluptatum deleniti dignissimos ut vel ipsam nemo animi. Debitis distinctio quos et excepturi rem nemo. Ut sit ut quasi. Quia autem et. Nihil accusantium rerum tempore eaque vel eos. Sequi quam dolor dignissimos qui et. Id nulla rerum. Expedita omnis non. Deleniti consequuntur temporibus ut veniam. Quis minus sapiente ut laborum explicabo harum. Veritatis voluptas rerum. Velit eos aut sequi fugit similique sunt nostrum.',951174,75.29,108),(13,'William Pear','Voluptatem dignissimos quibusdam. Tempora soluta ad quia perspiciatis qui animi amet. Et eos dolorem et odit officiis. Facere explicabo blanditiis corporis nostrum doloremque rem. Qui harum fugiat eos explicabo. Vel voluptate minus. Earum velit voluptas quas deleniti. Voluptatem eos et quasi labore voluptas. Ut sed est aperiam sint. Fugiat consequuntur perspiciatis consequatur adipisci.',500790,23.86,219),(14,'Cloves','Animi facilis aliquid ut dolorum voluptatem aspernatur. Dignissimos recusandae impedit cumque reprehenderit. Molestiae quia sint nisi voluptatem nostrum. Eos asperiores accusantium. Nostrum eum vero vitae exercitationem nesciunt quam. Quisquam tempore quia. Labore saepe totam accusantium odit. Corrupti ut ab vitae. Eveniet accusantium et non eaque non qui voluptatem. Rerum rem quo. Sunt et voluptatem corporis quisquam magni. Enim sapiente adipisci et cumque illum.',175352,43.88,57),(15,'Jelly','Fuga accusamus eum explicabo quo quam eum. Voluptas aut at qui labore. Impedit laudantium sed velit iusto accusantium nihil repellat. Sit aspernatur similique eligendi asperiores voluptas. Odit omnis error. Harum perferendis quia voluptatem ut quasi. Illum nesciunt aut quasi dolorem. Consequatur beatae odio cum pariatur temporibus recusandae. Asperiores aliquam mollitia provident sit animi. Dolores ut est magnam nulla amet sed ut.',574881,68.70,328),(16,'Tofu','Id aut deserunt quisquam. Voluptas expedita dignissimos repellendus perferendis aut qui. Tempore iure laboriosam ut velit aut harum. Rerum praesentium dolorem fuga quibusdam nesciunt. Consequatur voluptas ut culpa aspernatur soluta. Maxime enim dolores adipisci aut numquam. Facere sequi natus id nemo. Perspiciatis est ut tenetur quo. Aut dolore ipsam ea necessitatibus. Autem voluptatem veniam molestiae quia et.',665511,50.85,41),(17,'White rice','Nobis dolor facere omnis mollitia. Cupiditate neque molestiae aut quia. Natus quos autem commodi labore ut. Dolorem accusantium ea. Itaque ipsam ipsa qui dolor quae consequatur eaque. Quae aliquid et nesciunt ut. Eos est tenetur sed. Vitae tempora aut blanditiis alias vel. Vel non eius. Sapiente et explicabo omnis hic tempore quidem neque. Illum veritatis et est amet et. Quam sit voluptatem quo non.',766881,8.32,278),(18,'Horseradish','Perspiciatis dolorem error. Consequatur non voluptatem qui est. Ut aut laborum illo nemo qui aliquid illo. Corrupti omnis natus quibusdam doloremque. Dolores praesentium facilis reiciendis saepe aliquam laborum. Dolorum unde ratione velit. Aut in commodi soluta numquam rem qui. Ea vel id. Molestiae magni deserunt repudiandae similique nisi possimus blanditiis. Sunt reiciendis quam asperiores reiciendis nesciunt quo. Eius aliquam repudiandae. Veniam ullam nostrum eos aut.',818820,87.31,195),(19,'Blue Cheese','Ullam ipsa sed. Tempore recusandae voluptatem fugiat quas atque quis sed. Architecto commodi quia nobis ut. Sapiente harum nesciunt voluptate unde quia eius. Quia in illum exercitationem nesciunt voluptas. Recusandae autem vero. Quod ex repellendus rem eius et et assumenda. Excepturi perspiciatis ipsam omnis mollitia ex eius voluptates. Voluptas commodi ea. Facilis et ut voluptatem est. Commodi deserunt dolore ea.',206173,15.06,135),(20,'Bok Choy','Vel aut velit totam. Sequi cupiditate ullam. Atque alias commodi dolores dolores rem quos. Et velit itaque facilis fugiat. Rerum et cupiditate illum totam. Excepturi aperiam voluptate quod id id dicta. Cumque a est error qui pariatur in. Et quia nulla doloribus nam. Est aliquam maiores amet. Et quod ut illo ducimus et.',725432,60.24,80),(21,'Buckwheat Noodles','Nesciunt consequuntur et praesentium vero laboriosam exercitationem. Dolores voluptatum quia. Dolorum qui voluptates doloremque. Repellat aliquam veritatis rerum. Eaque blanditiis possimus quas sunt necessitatibus magnam vel. Enim consectetur voluptate. Aliquid officia dolorem rem. Et et iusto asperiores cumque blanditiis fugiat ut. Ducimus voluptatum enim alias eum tenetur aut dolorem. Ab a rerum omnis doloribus quod nam sit. Autem sint qui rerum omnis velit facilis.',139379,58.87,343),(22,'Whiting Wild Rice','Ullam aliquam in repellendus quia quae ullam. Eos quo omnis eaque. Voluptatem est enim sint. Nesciunt inventore eaque sunt sequi nihil. Itaque et neque iste et. Laborum delectus et veniam quaerat. Molestias est rerum eaque numquam maiores. Dolorem eaque nemo ut nam doloribus. Labore aut provident rerum id consequuntur aliquid enim. Libero voluptas quod ullam sit fugiat.',856507,52.02,47),(23,'Mussels','Quisquam iusto doloribus fuga qui. Nisi velit consequuntur est fuga mollitia voluptatibus. Ut laudantium tenetur expedita. Debitis dignissimos eius architecto quasi est fuga voluptates. Doloribus et et accusantium eos eligendi reiciendis perspiciatis. Et id et optio. Debitis sint repudiandae et voluptas. Aut at eos ex deserunt eligendi. Porro nisi et culpa amet qui. Voluptatum provident similique. Aspernatur dolorem distinctio rerum. Minus eos ad eum quod beatae laudantium sed.',345790,67.63,263),(24,'Cassia bark','Sunt sunt sed. Explicabo nihil voluptates fugiat officia necessitatibus. Molestias neque suscipit et totam. Qui excepturi ratione placeat explicabo ut eveniet soluta. Iusto nam qui occaecati autem. Sit perferendis quam molestiae. Magni quis itaque necessitatibus. Dolorem laudantium enim sapiente quasi. Incidunt tempore a velit. Eos provident molestiae dicta non voluptas voluptatem quia. Aperiam voluptas velit doloremque cum at magni. Repellat molestiae in ipsa.',883846,35.24,103),(25,'Provolone','Vitae quis quis sunt molestias. Consequuntur similique beatae quibusdam sunt sit aperiam sed. Itaque laborum perferendis debitis aut est ex molestiae. Distinctio sint et. Fuga sequi accusantium. Praesentium eos rerum. Esse repudiandae eos sequi et qui dicta. Iste sapiente aut ratione magni expedita praesentium praesentium. Consequatur repellat natus. Qui explicabo maiores quidem. Error quia minus error dolorum dolor.',245207,29.95,72),(26,'Jelly','Nemo delectus excepturi deleniti dignissimos vel qui. Maxime itaque inventore eaque voluptatem blanditiis reiciendis magni. Eum pariatur at est et impedit minima facilis. Rerum et dolorum et ducimus quo. Molestiae nemo qui minus. Aut sapiente et. Facere est laborum in excepturi est numquam. Voluptatem eaque aut illo magnam. Nobis sed et. Voluptate qui id praesentium repellat.',201524,78.50,46),(27,'Corella Pear','Odio id deserunt facilis. Velit ipsa nobis. Velit accusantium quisquam quam adipisci. Et nihil eius nemo et sit illo impedit. Dolor esse sint sunt et voluptatibus. Rerum unde et perferendis illum eos. Excepturi et itaque quia quae. Ipsam ratione possimus. Libero magni illum veritatis et aut temporibus quia. Dolorum ea ab harum aut. Sit ad vel perspiciatis. Id ut id sit est assumenda et itaque.',794736,38.76,358),(28,'Extra Virgin Olive Oil','Assumenda incidunt sunt itaque. Voluptatem et illo laudantium doloremque quasi aspernatur molestiae. Laborum est voluptas consequatur quam magni excepturi. Et culpa nisi reprehenderit doloremque rem. Cumque hic delectus. Sed similique dolorem quo et. Deserunt commodi harum nostrum molestiae enim et soluta. Dolore impedit inventore. Ut repellendus voluptas. Animi aut quae. Accusamus aperiam omnis ab dolores et.',957149,27.34,228),(29,'Greenwheat Freekeh','Et rerum deleniti. Eaque nemo qui ut aut tenetur. Magni sapiente ut dolor rerum rem eum. Sunt tenetur dignissimos repudiandae temporibus qui omnis laudantium. Atque hic ex quas accusantium ad eaque quae. Ut consequuntur ut aut minima aut dolores esse. Placeat earum soluta molestiae nihil neque maxime distinctio. Ipsam iste ipsum debitis voluptas ut qui. Eos voluptatem in magni in. Aut enim vero voluptates debitis quia aut.',317718,13.89,58),(30,'Dandelion','Ut amet aut voluptas. Autem aspernatur ratione voluptates molestiae molestias eveniet sunt. Est quam officia necessitatibus sint distinctio enim ex. Voluptatum illum unde animi corrupti consequuntur totam eveniet. Autem autem aut. Est voluptatem error. Qui esse dolores voluptates enim eum. Aut magni nulla. Quod autem tenetur ut. Nesciunt dolorem qui culpa. Ut tenetur officia assumenda dolore veniam consequuntur.',870651,60.52,308),(31,'Red Cabbage','Hic aut rem labore laborum itaque quae. Aut tenetur inventore. Voluptatem consequatur qui eius. Molestiae vel et voluptates sed dicta dolores rerum. Fugit accusamus voluptatem deleniti dicta est dolor. Nam numquam alias et dolores unde assumenda voluptates. Nulla officiis non. Mollitia assumenda ut nesciunt accusantium recusandae pariatur et. Cupiditate modi beatae distinctio et numquam sed et. Tempora mollitia harum id nobis in.',172661,28.47,294),(32,'Butternut Pumpkin','Error est sed et saepe harum. Nemo distinctio et occaecati. Rerum tenetur nisi iusto occaecati. Sed cupiditate qui ducimus quaerat earum maxime. Ea nostrum eos tenetur. Voluptas unde exercitationem. Dicta atque enim eos numquam. Ut dolorem qui culpa. Accusamus non esse et distinctio. Dicta non laborum a quod quia. Occaecati tempora quia reiciendis nihil blanditiis nihil. Culpa quis libero amet optio.',845663,73.32,181),(33,'Pandanus Leaves','Molestias illum iusto. Maxime mollitia culpa impedit ipsum. Non sequi libero exercitationem sapiente beatae. Aut aspernatur odio. Odit recusandae incidunt vel numquam dolores. Nulla debitis aut accusamus enim iure. At vitae officia quaerat. Dolor ducimus sequi enim. Nihil occaecati voluptates dolor. Ipsum possimus ratione commodi qui sequi aliquid. Eum numquam placeat placeat.',312011,27.60,18),(34,'Sage','Dolores consequatur ut. Reprehenderit qui odio rerum quae alias. Totam reiciendis fugit eos consequuntur. Facilis exercitationem dolore nam repudiandae earum aperiam. Cumque nemo voluptatem odio molestias optio inventore. Fuga omnis nihil eligendi soluta. Nemo neque ratione dolorem fugiat rem. Dolorem cum officiis. Dolorem dolor quis molestiae odio aut. Quia eum rerum ab modi et deserunt facere. Consectetur est consequatur molestiae at assumenda. A iste ut.',690516,36.84,249),(35,'Baking Soda','Eum commodi voluptatum numquam vel. Molestiae asperiores unde perspiciatis. Quidem sit rerum. Beatae vel autem laboriosam numquam architecto nihil cupiditate. Fugit nesciunt sit aliquid sed veniam. Unde eligendi enim nobis voluptas dolor eos. Ut et molestiae voluptatem officia nemo repellendus expedita. Nisi reiciendis non dignissimos omnis a. Iusto quam enim. Quaerat cumque id dolor. Officiis sint id quasi. Id nostrum et.',630640,43.82,120),(36,'Red Lentils','Illum non consectetur quia esse ut ut. Esse velit nihil tenetur qui qui dicta. Quod repellat et impedit accusamus sapiente minus omnis. Rerum impedit qui. Provident voluptas aut voluptas. Quia temporibus dolor non. Voluptatem deleniti quia rem omnis eligendi similique. Rem ducimus reprehenderit molestiae. Sunt aliquid quae. Non consequatur praesentium et corporis. Et ad qui minima. Aut quo voluptas.',982508,58.33,201),(37,'Loquats','Illo ut nobis est. Rerum iusto incidunt veritatis perspiciatis repellendus. Eum dolores ea tenetur provident expedita hic. Quia repudiandae quas quo et magni ducimus voluptatem. Corporis optio quia quas sit deleniti. Harum consequatur molestiae. Omnis ut eius illum. Consequuntur corporis est perferendis ut cum. Quia quam totam dolorum nostrum et. Eligendi ut voluptatum non iusto suscipit placeat qui. Enim dolore laudantium velit quasi voluptas.',382782,41.30,282),(38,'Macadamia Nut','Dolores quo et sed voluptas. Expedita officia nulla atque ut. Et adipisci autem iure ex occaecati. Voluptatibus animi cumque occaecati laborum quidem excepturi. Est culpa eos est illo. Enim quos et est hic voluptatem iusto vel. Numquam suscipit voluptate nulla dolorem. Eius qui nulla totam sed non temporibus quia. Impedit quidem odit doloremque ducimus animi sunt corporis. A mollitia nemo. Et aperiam numquam quo.',262089,18.11,87),(39,'Lamb','Pariatur ea accusantium omnis corrupti et. Placeat deserunt ducimus. Quibusdam odio id placeat ut voluptatem. Ut distinctio neque omnis et eveniet est dolorem. Dolores vitae rerum molestiae aut laboriosam voluptatem sequi. Illo et quidem. Culpa omnis vel et. Autem illo deleniti possimus et doloremque atque. Repellendus et in debitis corrupti. Aspernatur asperiores hic praesentium deserunt sunt pariatur. Ut neque fugit soluta exercitationem sint. Aut suscipit aut cupiditate.',830798,69.19,294),(40,'Sour Dough Bread','Dolores aliquid et fuga est occaecati vero ex. Molestias nihil officiis accusantium nobis porro dolore ab. Fugiat placeat sunt earum nesciunt. Velit consequatur quia. Autem laboriosam perspiciatis ratione sed ut omnis. Nihil rerum culpa est animi natus minima. Et aut quod. Qui aut rerum sint soluta unde neque. Ut facilis quibusdam facere. Sed minima natus. Consequatur aperiam ullam.',831960,64.40,136),(41,'Iceberg Lettuce','Velit natus ut praesentium eum. Sed veritatis explicabo ut velit. Fugit neque ut laborum dolore aliquam. Sed voluptatem deserunt atque praesentium. Earum ut suscipit rerum laborum voluptates repellendus. Recusandae non voluptas id numquam consequatur earum voluptas. Suscipit blanditiis qui repellat praesentium perspiciatis voluptatem. Inventore sed et ut delectus. Neque ea et cum voluptatem. Hic minus sit cupiditate recusandae.',672780,24.60,143),(42,'Pine Nut','Id et nam ab. Ut ab enim modi. Nisi similique minima quos blanditiis. Ut iusto aut nobis et eos sunt ea. Nisi exercitationem nihil ea. Ipsa blanditiis est enim. Adipisci et et voluptates assumenda. Officiis iure reiciendis libero. Ea at magnam. Sit rem corporis nihil. Qui soluta ut delectus. Tempore laboriosam voluptatem asperiores quaerat et ratione illum.',303447,85.35,303),(43,'Red Wine','Commodi labore commodi nam magni. Dolores eos corporis. Doloribus aut vero et autem sint quas vitae. Repudiandae fugit blanditiis officiis exercitationem voluptate. Libero eligendi est at atque ex voluptatibus. Odit incidunt quia. Deleniti eius architecto nobis quos exercitationem debitis. Minus voluptate et. Qui consectetur quaerat beatae vel vel. Iste voluptate quia quos cum labore. Ab sunt sit ea. Officia cupiditate laboriosam illum sit.',515763,17.58,12),(44,'Smoked Trout','Error omnis dolor consectetur officia dignissimos modi. Ratione nulla consequuntur rerum repudiandae qui. Doloribus autem facilis quia ea et. Modi qui quam autem nam iste. Amet quis explicabo quasi culpa. Magni totam voluptate aperiam laudantium ipsum perferendis et. Voluptatem libero autem. Iste doloribus repellendus officiis placeat iste pariatur. Alias at similique vel suscipit. Enim quis omnis occaecati. Vitae ut quis. Incidunt quasi quisquam ut est debitis earum.',344358,80.45,208),(45,'Gula Melaka','Odio iusto error. Quibusdam fuga rem saepe consequatur. Accusantium quo eos iste voluptatem quo nam et. Fugiat nemo ut. Eos corporis unde velit possimus aspernatur et. Nam et inventore sint neque. Unde eligendi amet at dicta et optio quas. In voluptas accusantium hic aliquid vel delectus ut. Eligendi pariatur labore et. Quidem laboriosam et sed. Consequatur aliquid excepturi voluptates.',768942,1.54,286),(46,'Dandelion','Laborum ipsum rem commodi ratione dolores. Est ipsum ipsum dolor. Ipsum et sit voluptates consequatur. Laudantium deleniti autem earum dolorum dolor non. Repudiandae ullam atque. Iste dolor sed odio suscipit soluta. Et omnis molestias minus at mollitia fugit illum. Ad consequatur pariatur quaerat minima. Modi delectus vel nobis laudantium vero. Minus totam nemo id eligendi corporis voluptatum. Et nam natus dolor ea sit et voluptas.',802013,37.76,88),(47,'Dates','Accusamus ab a animi. Vel vel aut et. Velit commodi veniam sint voluptas omnis. Molestias et ea ipsa a rerum minus. Et accusamus autem consequatur provident qui et aut. Error expedita voluptatem qui. Qui nisi harum blanditiis perferendis mollitia officia modi. Sed qui eos atque. Dolorem quisquam nihil quis vero sed odit et. Optio tempora omnis ab. Nulla voluptas doloribus et et est.',551459,31.38,284),(48,'Zucchini','Omnis placeat ex omnis iusto. Qui in adipisci qui exercitationem ut id iusto. In illum sed quisquam quia. Assumenda eveniet nobis dolores omnis ut corrupti. Et id in. Unde et suscipit. Excepturi aliquam exercitationem quas ducimus autem qui incidunt. Qui similique aut. Cumque accusantium sit sapiente eum qui. Deserunt dolor voluptates. Tenetur quo blanditiis dicta quo qui voluptatem eius. Est sequi nemo et quod adipisci.',248747,28.57,86),(49,'Amaranth','Eos fuga corrupti earum harum. Omnis sint facilis. Ipsam dolorem quia repellendus nemo delectus. Impedit et qui voluptates hic suscipit rerum. Qui magni sed asperiores illum culpa. Atque soluta temporibus omnis. Accusantium dicta error quisquam voluptatem facere. Qui praesentium quisquam nemo error. Nulla nesciunt odio suscipit voluptate enim. Optio adipisci qui ut et.',822681,9.57,278),(50,'Peppermint','Est enim sint ipsam saepe voluptatum cupiditate sint. Labore sunt sit ut. Quibusdam est quia quod est adipisci veniam. Tenetur sit dolor. Est id quasi atque esse labore magnam id. Autem laudantium molestias dolores voluptatibus ut quisquam nobis. Nam quod dolores laboriosam molestiae possimus. Libero eos aperiam aut hic. Cumque tempore enim commodi ducimus. At rerum perferendis fuga.',503558,81.32,62),(51,'Oyster Sauce','Commodi omnis tenetur doloribus sint qui omnis. Ut necessitatibus ipsum quas assumenda illo. Perspiciatis omnis aliquid qui labore vel. Quisquam quaerat quia excepturi quis placeat aut. Quas nam dolorem. Dolores est voluptas. Quas deserunt consequatur ullam quibusdam. Temporibus soluta et aut dignissimos voluptas. Officiis quod doloremque fugiat debitis ut veritatis ipsa. Voluptatem suscipit voluptas maiores earum aut ratione. Eveniet voluptatum omnis. Accusamus qui at doloremque asperiores id.',748950,84.28,176),(52,'Pork','Laboriosam molestiae et molestiae tenetur. Minus quia sed nisi quo ratione dolore nesciunt. Commodi amet id quo. Neque ea reprehenderit dolores amet nihil. Tempore sed sunt. Repellendus ea nisi aliquam. Maxime eligendi illum autem rem. Sit suscipit earum facere ab qui veniam sint. Qui consequatur sint ipsum atque eum sit ullam. Eos nesciunt molestiae dolorum natus unde consequuntur possimus. Ut nihil nihil mollitia minus fugiat est.',516706,47.98,331),(53,'Butter','Animi autem quam et illo ipsam. Nisi omnis aut repellendus. Consectetur alias quia excepturi voluptatem. Aut eveniet omnis esse rerum sed placeat aliquid. Ullam distinctio quia quia consequatur et dolor. Enim quo non. Ab saepe ut et iste nihil quam laudantium. Ipsa error iusto. Rem quod qui sit modi aut cum. Aliquid ab natus aut est dolorem.',690662,22.77,54),(54,'French Eschallots','Quia sed quasi repudiandae omnis. Aliquam iure esse omnis ducimus. Fuga hic natus eveniet pariatur sunt aut optio. Accusamus asperiores quis. Ad voluptatem quia rerum amet laborum velit illum. In quia voluptatem et laborum. Minima consequatur tempore facilis aliquid qui ut sed. Ut ut a excepturi est omnis veritatis repellendus. Quam quidem cumque qui delectus dolorem similique inventore. Veniam incidunt quia quisquam molestiae omnis. Atque aut nihil ut est. Aut maxime ut aut.',305964,31.20,337),(55,'Pears','Sunt totam explicabo voluptatem sint minima omnis quam. Quas maxime debitis velit praesentium nisi deleniti. Sit est consequatur vero. Tempore expedita quaerat vel. Corrupti molestiae dolores. Sunt a vel blanditiis est et at. Fugiat culpa aut atque non expedita. Minus ipsam asperiores et et. Inventore accusamus sit vel. Ea consectetur pariatur inventore aliquam nisi qui. Dolore sed quae itaque cupiditate. Sunt veritatis cum ipsum quo qui.',812179,71.80,93),(56,'Camellia Tea Oil','Ea id ad totam quia ipsum ratione. Nihil repellat non ut ut. Est nihil sed quia. Molestias odio occaecati velit. Ad est omnis est occaecati sunt aperiam laudantium. Voluptatum qui doloribus voluptatem. Eos ut in sit tempore. Fugiat illo dolorem. Aut sequi tempora ipsa optio id at tenetur. Totam quaerat libero molestiae. Iste ex sed numquam eos dolores.',772086,12.38,157),(57,'Dark Chocolate','Ullam quis quas totam. Doloremque repellendus natus. Reiciendis enim ea maxime. Ut fugit quae qui. Ex veritatis voluptatem fugiat recusandae recusandae. Eum tenetur in provident eligendi. Quis et eum omnis fuga in corporis eum. Delectus error voluptatibus dolor ut dolor aut laborum. Explicabo et eveniet commodi nulla animi eum. Animi et voluptatem a nihil est cumque. Ex veniam voluptas.',744175,3.05,145),(58,'Cabbage','Quidem eius dolorem. Et omnis aut quibusdam in. Sed ut eum iure. Autem ut accusamus quos eum at. Quidem ullam recusandae. Exercitationem ut voluptates et. Neque est exercitationem. Reiciendis est omnis hic animi commodi. Et ducimus itaque et veniam ducimus molestiae magni. Doloremque qui dicta possimus laborum. Ab et quo voluptates. Cum velit consequatur unde esse.',868141,63.11,248),(59,'Cloves','Enim hic cumque esse consequatur illum voluptate aut. Et error est ut. Dolorem autem ab magni neque sint. Laboriosam voluptas natus saepe excepturi praesentium. Voluptatem ad dolor aut qui vel. Excepturi ut ut sed et. Laudantium nam cupiditate. Quae dicta voluptas et tempora. Ipsam veritatis ut officiis quaerat et repellendus repellat. Accusantium molestias omnis. Omnis sit animi.',243706,18.51,85),(60,'Agar','Unde ea aut repudiandae aperiam dolorum. Quis molestiae necessitatibus totam eligendi. Sequi quidem aspernatur aliquam consectetur consequatur. Sit dolor consequatur veniam est. Quam et cupiditate iure et. Optio omnis architecto dicta sint. Autem voluptas nostrum sit a ut autem soluta. Dolores necessitatibus repellendus magni. Error atque totam dolores error. Nisi corporis fugit exercitationem minima ut ut.',485301,46.49,30),(61,'Chinese Cabbage','Maiores sequi vero. Dolor doloremque iure assumenda rerum. Atque perferendis error perferendis sapiente quo inventore saepe. Quia rem velit iusto provident et. Error impedit et vel. Non magnam asperiores vel blanditiis voluptatem pariatur. Quia aspernatur cumque error beatae. Doloremque odio dolorem quidem eius officia in. Ea voluptas neque et. Praesentium aut aliquid aperiam. Impedit voluptas placeat earum ipsum non molestiae. Quo quas rem.',625327,56.60,243),(62,'Gula Melaka','Animi maiores in sed omnis mollitia voluptas ut. Porro perferendis nemo ut nam et aut. Quo blanditiis beatae ipsum cupiditate. Et reiciendis in ipsam pariatur atque cupiditate debitis. Quis ex earum hic nesciunt eum. Voluptatem ad aspernatur animi illo inventore. Voluptatibus impedit nihil deleniti voluptatem reiciendis esse. Eos sint praesentium ut ut nihil. Rerum quisquam tempora nesciunt. Eum tenetur mollitia non nulla ipsam.',971851,33.79,51),(63,'Farmed Prawns','Nihil facere laudantium labore sapiente nemo impedit harum. Inventore officia labore. Nemo fuga eaque enim accusantium labore et eveniet. Quam eum sint reiciendis in culpa excepturi harum. Asperiores voluptatibus aliquam. Autem ad placeat fugiat in sint saepe. Rerum voluptas placeat dolore sequi dolor. Voluptatem magni totam est modi accusamus. Voluptas corporis ut dolores et pariatur. Odio numquam nisi. Velit nostrum consequuntur sunt omnis dignissimos itaque. Asperiores eum officia deserunt dolorem perspiciatis suscipit.',228173,46.57,230),(64,'Sausages','Eligendi sequi enim. Et molestiae dicta quaerat consequatur harum consequatur. Debitis tempora omnis. Ut quia quae. Nihil recusandae et. Voluptatum eos odit quibusdam aut dolore earum laudantium. Ipsum nihil et repellendus voluptatem possimus voluptatem. Et consequatur consequatur reiciendis dolor. Sed libero molestias quo ipsam voluptas dignissimos. Ut aut dolorum mollitia aliquam. Eum et ut quisquam.',719114,56.68,279),(65,'Nutritional Yeast','Eius et repellendus sit. Eveniet quod est illo quia voluptas officiis. Inventore facere dolorem voluptatem sit qui. Reiciendis ipsum corrupti ipsam explicabo. Esse omnis illum. Expedita nobis animi ut voluptatem. Sit nobis dolorem aut. Dolores amet suscipit tempora fugiat saepe. Fugiat est qui praesentium rem sit. Quis ducimus maxime accusantium non autem et.',881596,28.09,340),(66,'Bonito Flakes','Exercitationem placeat ad eaque. Modi illo quia quas. Dolores laudantium est culpa saepe nostrum est. Doloribus unde et maiores facere. Accusantium amet ut libero officia alias asperiores. Similique neque accusantium excepturi commodi. Autem enim atque. Et amet alias unde asperiores. Blanditiis doloribus nobis aut qui autem error. Porro alias earum.',638354,83.94,148),(67,'Tahini','Est asperiores reprehenderit aliquam veniam. Quia libero mollitia. Tempore voluptate at qui voluptatem. Dignissimos et neque et et dolorem qui corrupti. Aut ipsa eos in aspernatur rerum. Quia sequi quas quos voluptatum ut. Commodi assumenda eligendi est. Quos occaecati accusantium. Aliquid voluptas corrupti magni ea amet eveniet ex. Nobis sequi numquam eos consequuntur quasi. Facilis reiciendis et odit atque deleniti inventore.',137479,84.40,68),(68,'Provolone','Doloribus nisi laudantium asperiores voluptate nemo. Mollitia aperiam nihil accusantium aliquid. Culpa sint vel. Earum quidem delectus consectetur aut rerum culpa mollitia. Repudiandae cum sunt sunt laboriosam debitis. A iure quibusdam aut consequatur. Eos quis nobis ab ex in. Et enim consequatur. Dolores magni quibusdam. Ut non fuga omnis deserunt nulla quia dolorem.',612191,35.61,241),(69,'Gruyere','Aliquam natus aut veniam deserunt. Explicabo corporis error repellat dicta quia. Doloremque laboriosam optio. Autem ex nostrum. Voluptas ut atque aut quibusdam. Illum officia similique animi incidunt. Dolor et amet necessitatibus ex. Nihil et est accusamus est distinctio. Repudiandae ipsam voluptatum. Deserunt repellat nihil veritatis quae cumque ipsam eaque. Cupiditate rerum totam placeat quia et aliquid.',838430,68.32,283),(70,'Cabbage','Iste et quia labore placeat quasi quis. Quae hic sit omnis doloremque. Vel qui id dolorem dolor. Incidunt et eum facere fugit ut. Tenetur sed maxime et vel voluptatum. Maiores voluptatibus deleniti enim voluptas provident. Omnis quia inventore impedit aperiam. Quidem dignissimos asperiores. Facilis eos omnis. Excepturi soluta quia et est ipsam. Placeat veritatis velit at aut itaque. Perspiciatis in harum molestiae officiis praesentium.',160068,27.92,331),(71,'Vinegar','Quia ut harum in excepturi tempore nulla voluptates. Quibusdam debitis animi at tempore dolor. Ex suscipit maxime quis. Fugiat quo sunt consequatur eos eius. Quam velit repellat eum veritatis autem adipisci. Quis atque iste et assumenda dignissimos. Aperiam facere nam qui consequatur et quae. Ea repudiandae aut fugit saepe quo pariatur totam. Cupiditate accusamus blanditiis fugiat incidunt. Pariatur enim nobis dolores placeat nostrum corporis unde. Sed inventore natus magni neque inventore.',436789,43.58,87),(72,'Squid','Accusamus eveniet quia. Qui sed accusamus quidem. Eligendi architecto velit asperiores a et explicabo eum. Repellat aut dolores vero reprehenderit ipsum. Tempore repellat consequatur ut et. Illo magnam ab doloremque. Iusto ducimus error aliquid voluptatem. Velit veniam sunt dolor debitis mollitia quod minus. Eaque architecto iusto quia provident. Doloribus aliquam minima nam labore.',487862,45.35,147),(73,'Leeks','Aut molestias sint aut sint ut. Voluptatem voluptatum blanditiis fugit in. Et nemo earum iusto quia atque. Voluptatem nihil voluptas hic unde. Accusantium ea suscipit est et ex. Dolores sequi itaque aut pariatur voluptatem. Modi vitae et dignissimos est praesentium. Quo maiores qui id consequatur sit nemo. Quia blanditiis et numquam dolorem ipsum necessitatibus. Vero fugiat tempore ut perspiciatis rerum iusto voluptate. Non aut voluptas recusandae. Ducimus nisi quam porro.',459547,73.32,112),(74,'Butter','Iure sit aut accusantium corrupti dolores soluta. Qui adipisci quia numquam architecto perferendis. Est explicabo nihil voluptate exercitationem. Repellat aut quo ab maiores fuga quas consequuntur. Enim qui impedit qui dolorem. Dignissimos rem nihil inventore excepturi voluptatem expedita. Enim quam sit nemo. Laudantium ut reiciendis molestias illo ipsam. Repudiandae dolor aut. Ea cumque excepturi facilis deserunt magni. Est quibusdam corrupti perspiciatis adipisci impedit.',752193,3.95,111),(75,'Tamarillo','Et veniam exercitationem et doloremque quam laudantium. Non non cum soluta eligendi perferendis nisi. Tempore autem quia et corporis quia. Mollitia voluptate eos animi qui nam laborum. Reprehenderit impedit est qui libero quia. Est dolores nesciunt ad cupiditate praesentium officia voluptate. Sit ab error molestias doloribus ea aperiam illo. Amet autem ut voluptatem quia eum aut necessitatibus. Qui culpa tempore. Nisi esse aliquam optio ea explicabo omnis. Quos rerum sit eum et nesciunt laborum quibusdam. Optio reiciendis numquam aut maxime eligendi.',995494,34.73,212),(76,'Coriander Seed','Fugit quibusdam sit et libero architecto ut. Iusto dignissimos quos sit earum aliquid nam. Voluptatem consectetur exercitationem ex quis consectetur nulla quo. Ab voluptatibus quia et ea. Et maxime provident amet minima. Ea temporibus et aliquam porro rem. Aut eius veritatis illum eveniet exercitationem similique ut. Ut accusantium quo incidunt. Quam vero pariatur. Et facere in consequatur. Ab qui qui officiis sint ducimus autem vero. Ad ducimus aspernatur ut.',710152,13.36,362),(77,'Fresh Chillies','Aut eaque impedit numquam. Vero quia nam. Quod sed velit. A occaecati illum. Nisi quia omnis tempora numquam illo voluptate. Voluptas ut eos porro rerum culpa est. Laboriosam eveniet consequatur. Culpa cum accusantium aut voluptatem architecto distinctio velit. Deserunt architecto tempore. Doloribus ea et et possimus suscipit unde non. Rerum alias culpa et quidem. Ducimus maiores aut necessitatibus.',946465,71.24,104),(78,'Swordfish','Ex magni et voluptatum alias perspiciatis quia repudiandae. Minus totam ut qui. Voluptas sint non in dolores dolor aut. Dolorem totam modi corporis aut quaerat eligendi. Dolore eum dicta nulla voluptas et et. Eum eius hic eius vel vel consequatur nulla. Aut ut aut ut tempora quo. Voluptatum quod nesciunt ea. Sequi saepe dolore doloremque molestias provident. Deleniti maxime pariatur maiores. Aperiam perferendis ea consequatur.',139951,63.20,137),(79,'Pumpkin','Architecto neque cum pariatur sed. Optio beatae quae. Voluptatem illo enim ut omnis neque eum. Et labore est. Maiores nam esse totam. Id quia libero. Voluptatum est quod quia et pariatur voluptatibus. Cumque sed provident aut. Sit dolores facilis. Iusto aut qui sunt odit esse.',230685,29.56,8),(80,'Barramundi','Quia placeat hic et repudiandae et. Ut esse voluptatem. Debitis quis aut officiis est et. Quia et voluptatibus doloremque dicta. Ipsa optio quis illum laboriosam. Quasi qui at delectus eligendi tempore quia est. Labore vel molestias eum quia. Quo dolore omnis tenetur aspernatur et. Saepe ab modi laboriosam. Molestiae non minima amet ea.',914099,84.13,334),(81,'Peas','Sit ex numquam nemo. Est fuga eum est sit. Corrupti enim facilis mollitia consectetur est officia sunt. Accusamus quam suscipit ut. Qui sit inventore in aut. Tempora eveniet enim quae blanditiis beatae deleniti. Facere quos et exercitationem quis est qui voluptas. Sint vel quisquam commodi ut porro officiis aut. Eaque illo soluta mollitia sed. Quidem dolore asperiores.',677862,16.40,218),(82,'Margarine','Amet corrupti eos. Nihil et incidunt unde eum assumenda velit. Qui delectus voluptates officia vitae soluta. Qui rem dolore consectetur optio harum. Consectetur autem dolores ducimus facere nisi molestiae. Aperiam dicta expedita tempora ullam ea quibusdam autem. Ex at nihil possimus. Recusandae repellat quasi dignissimos et quo et. Qui vel alias. Perspiciatis magni doloremque culpa dolor in adipisci.',826662,71.48,81),(83,'Kiwi Berries','Tempora maxime magni. Commodi ex doloribus qui non quae. Minima cupiditate provident. Vero quaerat dignissimos laborum. Commodi est quas laboriosam enim. A sunt et sunt dicta omnis et dolor. Deserunt laudantium porro voluptas voluptatem et omnis. Vel voluptatem doloremque nobis tenetur. Ut culpa blanditiis necessitatibus tenetur sit consequatur et. Sint fuga quisquam nobis. Laboriosam officiis facilis sit et autem sequi.',872795,61.14,97),(84,'Blood Oranges','Et quia aut dicta magni animi. Esse quo esse nostrum. Et consequatur sed debitis vel sint atque aut. Est fuga vel. Soluta nulla qui minus debitis quia repudiandae. Aut unde perspiciatis. Iste sed ratione aut sapiente nulla incidunt neque. Maxime perspiciatis fugiat consequatur magnam omnis. Sit dolores nisi dolorum quia mollitia explicabo. Occaecati repellat consectetur harum sunt deserunt sed. Molestias optio non sit provident reprehenderit et vero.',793310,74.12,236),(85,'Nasturtium','Numquam omnis placeat repellendus corporis. Expedita nihil facilis cum rerum nisi ut dicta. A consectetur sint quia dignissimos et. Maiores qui nihil sunt. Molestias beatae tenetur error. A ea ex deserunt sed velit velit. Asperiores quidem porro assumenda aut quam. Voluptatem velit quod est deserunt. Vel aliquid adipisci. Repellendus soluta cum optio atque excepturi.',582694,60.89,170),(86,'Cornichons','Qui maxime quisquam molestiae ipsam quia. Cumque ipsum doloremque labore laudantium. Ad architecto dolor dolor dolor tenetur. Quidem ut laudantium ut sit dignissimos dolorum. Totam similique animi. Aspernatur et possimus tempora. Nobis architecto omnis deserunt placeat repellat. Non ullam facere expedita. Omnis nihil autem laborum. Sint amet numquam dolores. Temporibus maiores ut ad ipsam id. Qui natus placeat eum.',399524,79.25,135),(87,'Mackerel','Harum nostrum sed sequi occaecati. Ab qui vero harum dolor. Repellat inventore facere asperiores tenetur. Dolorem quis eligendi vero. Quo eum et doloribus dolorem nam blanditiis. Eum et distinctio eveniet et deserunt. Corporis qui voluptates ipsa neque quibusdam et blanditiis. Eos voluptates ut atque possimus. Enim dolores pariatur quidem enim eaque. Qui adipisci saepe vitae labore culpa.',866121,12.08,158),(88,'Arrowroot','Dolore consectetur qui eius et dolorem iusto. Fugiat et nemo ratione nemo qui. Voluptatibus veniam voluptatem id reprehenderit nemo. Quia ut cum. Ut inventore provident non modi sunt qui illum. Recusandae quisquam ullam blanditiis asperiores. Fugit consequatur mollitia iste. Modi incidunt pariatur qui deserunt aut enim. Rerum explicabo doloribus recusandae. Voluptatem nobis qui quibusdam minima quo. Tempore expedita quia quas non repellat. Provident voluptates reprehenderit eum.',501104,73.03,23),(89,'Macadamia Nut','Consequatur quae qui itaque iure praesentium. Sint fugit et consequuntur sunt vero. Dolores nemo voluptas vel. Voluptatem explicabo earum quidem totam dolor eaque. Est ratione eligendi error nam. Nemo suscipit ut officiis et. Fuga itaque nihil voluptatem sit quos. Accusamus dolorum in accusantium quia nemo. Quo autem corporis soluta officiis. Maiores voluptatum officia. Dolor fugiat tempora rerum ut repellat tempora ea.',705650,12.55,341),(90,'Cheddar','Dolorum perspiciatis et fuga occaecati. Quae enim qui delectus. Quas nostrum modi nobis et et eaque tempora. Corporis dolorum rerum. Eum est perspiciatis culpa ipsam id. Eum ab est omnis repudiandae facere. Magnam dolorem voluptates voluptas deleniti qui. Aut consectetur tenetur aut quibusdam similique blanditiis minus. Eligendi temporibus ut et similique expedita vel. Minima quibusdam maxime ullam consectetur. Quo enim dolorum similique velit error ut. Placeat deserunt rem odio.',406596,87.85,210),(91,'Oats','Aperiam id tempora libero quia a voluptate. Asperiores voluptatum libero quia quo. Corporis distinctio tempore ex officiis magnam laudantium. Voluptatem voluptatum qui repellat cupiditate exercitationem. Ea commodi ut. Velit impedit molestias expedita aliquam. Cumque est qui nemo harum fugiat. Rerum a at est magni veniam. Vel doloribus quisquam et consequuntur accusamus magni asperiores. Totam et aspernatur ut. Vel voluptates impedit sunt vero. Odit ullam exercitationem quam debitis iure.',164580,6.74,21),(92,'Brazil Nut','Facere et et dignissimos facere. Eaque dicta labore ut. Qui numquam possimus qui magnam suscipit consequuntur. Nemo aperiam optio eos aliquam laboriosam accusamus eius. Est perferendis illo cumque. Doloremque quidem rerum aspernatur eius. Voluptas aliquid rerum sint harum et nisi deserunt. Itaque nulla reprehenderit architecto qui est eos quaerat. Labore error nisi error omnis voluptas vitae. Quam facilis tempora voluptatem placeat iste. Repudiandae sed fuga.',564747,3.69,177),(93,'Peas','Enim quae nostrum. Nisi non laudantium suscipit. Impedit et aut nobis. Nobis a similique rerum distinctio mollitia. Et iusto explicabo. Nulla iure aut excepturi. Animi quia quidem iure quas. Ut harum voluptatem ipsum. Pariatur omnis voluptates in et quidem. Dicta suscipit qui et dolorem voluptas quia.',407508,5.12,105),(94,'Camembert','Dolor in sint tempora consequuntur. Libero dolorem odio qui reiciendis quia. Cumque aspernatur rerum ullam vel debitis. Nesciunt dolores dolorem. Voluptatum reiciendis explicabo dolorem vel. Excepturi animi in illum velit consectetur esse. Eligendi architecto cumque ut eos quis. Voluptatem deserunt dignissimos. Omnis nostrum sit et nobis explicabo. Suscipit facere ipsa. Ipsam molestiae consequatur. Nihil ex illo ut nulla qui consequatur quia.',543151,3.63,341),(95,'Albacore Tuna','Voluptate non in. Sed at quibusdam sint. Reprehenderit dolorem deserunt. Aut quia quia ipsa nihil autem ut. Dolorem sequi itaque itaque. Possimus est hic. Et ut qui autem quia. Quis quis repellendus expedita sit. Eveniet quibusdam qui nam dignissimos animi amet enim. Iure enim rerum et. Laborum aliquid sunt officiis nobis autem. Incidunt explicabo dolores labore dolore deserunt.',770894,77.64,319),(96,'Poppy Seed','Ut repellat autem et voluptates. Qui quaerat et ipsam dicta. Debitis tenetur et. Dolorem dolores est possimus adipisci laboriosam autem et. Nisi minima culpa autem qui sed. Est autem praesentium laboriosam. Quae sequi eveniet. Beatae harum illo. Saepe perferendis perferendis vitae velit repellat sed. Sint laudantium eaque.',841790,85.83,209),(97,'Eggs','Neque repudiandae fugit commodi fugit dignissimos mollitia perspiciatis. Hic sint esse dolorum ab est. Praesentium dolorum expedita. In consectetur non sint. Fugit aut voluptatem officiis animi et et excepturi. Quibusdam minus ut omnis veniam voluptate. Velit doloremque sunt non saepe a voluptates. Quia repellat sed rerum est. Quam blanditiis nemo maxime velit mollitia. Nemo nemo ut qui. Ipsam placeat omnis sit sint id autem quisquam. Temporibus recusandae quia excepturi molestiae sit officia minus.',184492,55.85,79),(98,'French Eschallots','Deleniti ipsa quas expedita sed voluptatem. Aliquam reprehenderit maiores cumque sint nam aliquam totam. Eligendi nesciunt culpa temporibus culpa quod. Repellendus sint sed et quo velit reprehenderit dolorem. Quia ratione a omnis quae aliquid. Animi non optio qui eos. Quod asperiores aut aut error. Ut dignissimos non. Vero dignissimos pariatur. Esse at sunt at delectus et et excepturi.',575339,63.52,115),(99,'Beetroot','Impedit et non distinctio magni et. Voluptates unde quasi est. Hic minima unde voluptas. Nobis aliquam quo. Accusamus ut qui vero sint magni. Ut voluptatem aut ipsam corrupti. Porro blanditiis atque quisquam sequi praesentium pariatur. Molestiae molestias ut dolorem. Voluptate maiores culpa ipsam error quia. Eius sint libero dolorum aperiam dolor in.',736667,41.98,333),(100,'Nasturtium','Suscipit molestias non autem voluptas occaecati repudiandae. Necessitatibus blanditiis doloribus. Et autem voluptatem et numquam. Eum necessitatibus maxime repudiandae. Ex ab repellendus tempore aut fugit explicabo recusandae. Non non voluptatem natus deleniti. Voluptatum autem excepturi corrupti et ut. Est sit ut beatae. Qui voluptate sint aut libero qui. Delectus ab aliquid voluptatem ut. Voluptas cupiditate eos sed distinctio iste nobis.',969977,18.02,248),(101,'Flaxseed','Amet incidunt repudiandae non. Tempore ut impedit suscipit assumenda ut earum. Eos beatae aspernatur illo quia. Ut enim velit. Non quos ut illum eaque totam velit. Perferendis animi ex iusto unde velit maxime. Atque expedita nihil consequuntur consequatur. Enim dolores ut laboriosam occaecati delectus voluptas. Veritatis et et voluptate. Voluptate nihil iusto ratione ut quod rerum.',471333,68.47,233),(102,'Wheatgrass Juice','Rerum odit velit ea rerum. Ducimus pariatur accusamus nostrum rerum aut similique porro. Quod sit fugit. Itaque ea tenetur accusantium ipsam autem. Amet qui neque et ad et dolorem. Eveniet eos earum amet ut repellat. Sed ut deleniti. Voluptatum nobis aliquid excepturi sed perspiciatis voluptatem amet. Sed asperiores cumque molestias id iure. Quidem ex dolor doloremque accusantium consectetur. Consequatur corporis perspiciatis ipsum.',499990,2.46,57),(103,'Soy','Maxime a dolor. Quos quisquam exercitationem deleniti est. Doloremque ad minus rerum voluptatum sint fugiat. Consequatur cupiditate aliquam voluptatibus sed deleniti ex dolores. Cupiditate omnis exercitationem consequuntur sit unde. Et aperiam dolores iste iure voluptatum. Minus ut corporis quam. Ut quo quo qui nesciunt ad est. Vitae qui voluptatum velit accusamus fuga odit. Dolores minima corporis sequi sint asperiores iste inventore. Exercitationem voluptates eveniet aut. Nemo quia et facere dolore.',346860,23.34,290),(104,'Warehou','Accusantium nulla et sapiente eos. Vero adipisci accusantium modi voluptatum quod quo odio. Aspernatur voluptatum officiis deleniti quia. Quasi ullam doloremque accusantium aut repudiandae et. Maxime placeat sed qui reiciendis. Eveniet sunt eligendi molestias corporis sunt iusto. Est rerum tempora facilis aut commodi. Ipsum ex perspiciatis sit sit laborum. Modi in molestiae fuga esse. Quibusdam ullam enim. Alias et minima esse velit hic non similique. Rerum quia sed commodi enim sunt in.',189772,6.18,206),(105,'Lychees','Autem vitae est perspiciatis harum velit. Eius consequatur ratione unde. Quas et culpa perspiciatis maiores est velit eligendi. Sit sit exercitationem facilis eum ratione saepe. Est velit ut quae. Ea deserunt ad est quia quaerat. Praesentium odio excepturi. Illo ut eum ullam. Ut alias ea in. Voluptatem placeat pariatur labore molestiae consequatur eius eum.',528523,21.09,151),(106,'Milk','Nesciunt sint fuga placeat nostrum quis qui fuga. Recusandae molestiae dolorum aut ullam cumque ea quia. Est eos sint vel. Dolorem dicta nostrum. Eligendi laborum qui quidem numquam omnis et ut. Vel harum est. Quaerat eum vitae qui. Aut sed tenetur. Et id ut est. Ut molestiae dolorem animi soluta.',316676,30.29,128),(107,'Mulberries','Maiores impedit laboriosam error et. Dolores iste enim voluptas laboriosam qui repudiandae est. Ut ut omnis minima quo recusandae. Quisquam asperiores aut qui. Alias ut voluptates atque beatae eius esse voluptas. Modi eligendi veritatis nostrum iure quae qui. Magnam qui ullam voluptas expedita et veritatis. Et enim nihil. Ducimus distinctio sequi sed recusandae ab ea et. Impedit eveniet quidem repellendus.',957230,29.69,183),(108,'Annatto Seed','Nobis vero quia consequatur omnis quaerat. Necessitatibus autem aliquam ea non. Eos itaque odio consequuntur dignissimos dolorem temporibus in. Rerum eius et fuga tenetur sequi. Sit aliquid cupiditate doloremque et est dolor est. Numquam aut rerum beatae hic reiciendis quas. Quis neque consequuntur reiciendis aut. Aut sint vitae omnis excepturi voluptatem nulla accusamus. Magnam quia quia. Laborum adipisci eos soluta ex veritatis rem. Eveniet necessitatibus eligendi natus ut est.',746072,68.82,167),(109,'Safflower Oil','Unde voluptates delectus velit. Distinctio sit sint nostrum officia. Autem labore consequatur in et. Ea deserunt doloribus. Praesentium quia et est officia est nihil et. Beatae earum optio et quia officia iure. Omnis reiciendis quibusdam tempora quia fugit. In error placeat nostrum officiis. Sit dolor voluptate aliquid hic eos. Reprehenderit voluptas et et distinctio at ab tenetur. Aspernatur omnis quod sed dolores in quae. Non enim quod commodi nobis aliquam.',738248,54.51,279),(110,'Redfish','Est autem perferendis temporibus rem qui. Dolorum doloremque est delectus quasi sit. Cumque nam sapiente quisquam. Et quod assumenda et ex architecto exercitationem. Culpa explicabo quisquam recusandae necessitatibus. Nesciunt blanditiis maxime dolor. Culpa voluptatem ratione. Perspiciatis laudantium et. Laboriosam atque veritatis delectus impedit. Molestiae aut deserunt vero accusamus aut ut. Blanditiis occaecati similique.',916440,75.00,175),(111,'Grape Seed Oil','Numquam sed optio velit cupiditate in similique exercitationem. Fugiat consequatur sequi veritatis occaecati recusandae dolor facilis. Omnis dolorem id adipisci eligendi perspiciatis. Sapiente omnis porro. Itaque voluptatibus autem. Excepturi dolore minima. Ut minus eum dolorem natus. Molestias impedit maiores. Consectetur quos magnam laborum non voluptatibus et. In quos quis sapiente.',283820,86.29,30),(112,'Soy Sauce','Voluptatem necessitatibus et saepe. Rem aspernatur a quo dolor rerum. Nihil error impedit deserunt facilis cum adipisci fuga. Dolore quas voluptatem quo quam. Nesciunt unde harum dolorem et molestiae temporibus. In in id dolorem possimus eligendi. Dolor ipsam eligendi sed autem. Et et porro delectus pariatur veritatis sint aut. Est aut velit. Quia sed adipisci repellendus explicabo corrupti fugiat molestiae.',385118,24.76,326),(113,'Spelt Bread','Veniam voluptas sequi. Aliquam dolore accusantium necessitatibus dolores. Mollitia in nulla ex eos. Sed autem quia sed. Voluptate ipsa fuga aut sequi iusto. Nihil inventore repellat deleniti. Quidem officia quisquam aut maxime. Est sit ducimus magnam rerum. Cum assumenda eum amet ex expedita cupiditate sapiente. Totam pariatur incidunt tenetur.',408575,82.31,116),(114,'Mahlab','Officia dolor optio aliquam. Occaecati eligendi reprehenderit ut et tenetur nemo placeat. Quibusdam voluptas voluptatem ullam. Non omnis rerum. Et est maxime consequuntur molestiae odio. Sed quisquam voluptatem. Fuga inventore at rerum aut repellendus deserunt. Ducimus aliquam magnam. Voluptas velit dolor aut dicta. Et neque libero placeat sed voluptatem. In soluta architecto reiciendis reiciendis in recusandae. Neque omnis consequatur nihil ut.',914470,68.40,303),(115,'Silverbeet','Suscipit qui beatae. Ea blanditiis quia omnis. Minus architecto quis quo esse laboriosam. Aut maxime fugit quam assumenda debitis. Quae nemo sit incidunt enim nemo voluptatem aspernatur. Et veniam labore. Et quaerat pariatur doloremque officiis neque commodi quod. Rerum nihil quas provident facere. Animi enim omnis. Iusto est ipsa tempore molestiae aut. Ipsum iusto explicabo sed qui quo.',135680,83.89,96),(116,'Balsamic Vinegar','Aut quia non reiciendis harum consequatur. Ipsam aut occaecati. Exercitationem sit atque similique et molestiae velit quia. Sed labore ea. Quae dolorum ratione et. Earum ea totam sint inventore iure doloremque. Est non eos dicta eos. Voluptate ipsum voluptatem placeat beatae consequatur nostrum tempora. Animi quod dolorem ut. In eos deleniti facilis pariatur et impedit.',537357,35.63,273),(117,'Taleggio Cheese','Omnis sapiente non animi. Dolor laudantium autem aut voluptas. Minus consequuntur provident et ratione amet deserunt qui. Numquam quas sed sint. Laborum debitis est. Nemo enim dicta asperiores voluptas. Maiores earum iure nemo debitis. Quae aut perferendis totam. Maxime labore consequatur eveniet mollitia aut optio sit. Minus impedit labore iure reiciendis voluptatibus et.',754606,66.31,359),(118,'Swiss Chard','Officia est modi. Voluptatem iure laborum dicta aut tempore. Corporis et ea aut dolor sequi maiores totam. Quis ipsum enim. Nobis reprehenderit ut voluptas dolorem minima impedit. Id ut quia natus laudantium. Autem facilis id et natus repellendus consequuntur rerum. Architecto qui repellat aut. Molestiae aliquid ad et doloribus corporis adipisci voluptas. Pariatur voluptas vero iure repellat voluptatem rerum. Adipisci numquam natus. Quis enim quo pariatur ut et et alias.',682535,19.12,257),(119,'Cannellini Beans','Laborum totam ut similique sed. Qui repellat fugiat est quisquam reiciendis in. Excepturi qui sunt in. Eaque iusto minima omnis nobis quibusdam accusamus sed. Quam repellendus nihil qui voluptas eius. Officiis eveniet in mollitia dolor. Aut alias distinctio. Quod in natus cupiditate voluptas eos sed. Et enim libero vitae eum provident. Et hic minima minus dolores sint quo. In facere qui ab temporibus totam.',950067,34.37,202),(120,'Radicchio','Tenetur dolores qui et omnis voluptatum. Ea quia dolores nihil. Rerum laborum perferendis et. Perspiciatis corporis cupiditate. Necessitatibus magni nihil corrupti quam. Quae consequuntur quo veniam. Voluptate quae error. Libero voluptatem quisquam. Voluptatem cum minima ipsa. Quis aut eligendi at qui dolorum. Itaque accusantium alias cumque libero fuga praesentium.',942052,28.71,229),(121,'Squash','Exercitationem nihil aut sed numquam. Molestiae in et nam est. Ab eos dolor molestias sunt eius. Qui quis dolorem aperiam. Voluptas et culpa qui. Ea cupiditate officiis perspiciatis assumenda. Quia nesciunt reiciendis velit enim. Laborum odio ipsum aut fugiat facere repellat. Nulla vero deleniti a quos. Vitae doloribus nihil non quo voluptatem.',809304,89.04,179),(122,'White rice','Et est adipisci quasi ut totam. Id totam corporis. Temporibus molestiae quo autem voluptatibus. Saepe omnis amet consectetur officia ipsam. Magni optio omnis velit dolorem. Et labore fugiat odit aut velit. Nam sit occaecati minima vel laboriosam. Consequatur voluptates omnis. Ut quia sunt accusantium autem facere perspiciatis quia. Velit velit omnis non qui et consequuntur iste.',447030,86.38,198),(123,'Strawberries','Autem molestias cupiditate est voluptates facilis quisquam vel. Ratione ipsam impedit dolorum beatae. Similique illo et amet repudiandae expedita totam. Nisi distinctio voluptas natus ipsum ipsam. Id enim laborum rerum placeat id corporis. Debitis nihil in quam aspernatur. Aut aliquam est at ut. Autem aut praesentium eum. Error sit ut fugit accusantium fuga est quo. Et eius corrupti sed ducimus qui corporis. Sit voluptatem facere molestias.',131848,8.26,91),(124,'Pandanus Leaves','Occaecati eos eum perspiciatis non quibusdam. Est repellendus corrupti perferendis et doloremque. Quae ab vel. Occaecati ipsa doloremque quae beatae. Qui soluta maiores porro dolores tenetur. Eum aut minus at molestias quia est. Voluptatum quae vel beatae. Vero enim possimus et sunt modi. Non voluptas est sit libero non. Non occaecati nisi quo ab. Sit reprehenderit aspernatur repudiandae est tempora ullam occaecati. Veniam dolor porro.',974838,83.90,208),(125,'Tamari','Voluptas blanditiis consequuntur qui totam. Illo eius corporis est. Veritatis facere quo nobis iure non. Error non est inventore repudiandae eos quasi. Nihil sit quas. Ipsa laborum ab quis rerum vel voluptate. Ad autem non veniam aut. Minima beatae consequuntur. Odio quisquam maxime asperiores sequi voluptatem voluptatem. Perferendis temporibus consequatur repellat accusamus quia in. Ut id necessitatibus nulla non porro placeat.',775066,67.77,52),(126,'Wholemeal','Tempora voluptas ut exercitationem quod. Quia nisi aut est est veniam eius. Consequuntur fugiat sed. Eum eius autem nemo suscipit voluptatem sed perferendis. Doloribus aperiam eum distinctio perspiciatis natus. Non quia blanditiis. Quae quos voluptate. Quaerat consequatur asperiores aut veniam voluptates eos sint. Id esse consequatur suscipit omnis quam omnis voluptas. Officiis magnam voluptates error occaecati necessitatibus aliquid. Eos velit pariatur rerum consequatur. Esse nostrum ipsam.',956499,75.83,337),(127,'Amaranth','Magnam voluptatem provident corporis quas. Quo pariatur atque necessitatibus. Culpa culpa corporis fugit nulla. Facilis exercitationem magnam incidunt facere. Repudiandae eos et eaque id facere recusandae ea. Praesentium non soluta odit mollitia ipsa. Autem provident velit labore placeat quam. Ratione inventore animi. Et ut quis tempora. Ex optio explicabo repellat distinctio et eos dolor. Culpa ut asperiores sunt eius.',539001,82.79,103),(128,'Lime Leaves','Necessitatibus debitis est. Voluptas dignissimos quasi tempore voluptatum distinctio. Odio aut vitae consequatur pariatur rem alias non. Assumenda doloremque odit quia numquam autem dolorum. Non expedita modi laboriosam voluptatum sunt consequuntur et. Est inventore ea repudiandae sit. Aut eveniet dolorum dolorum saepe nihil. Error assumenda doloremque magnam quos. Eum cum ex officiis. Soluta et et in nam id quidem. Eum quas nulla corrupti doloremque magnam. Consequuntur quaerat ea maiores quo facilis eligendi.',210609,33.03,205),(129,'Pecorino','Repellendus inventore officiis magnam et veniam aut id. Molestiae ipsa soluta aut. Dolorum dignissimos nulla accusantium commodi iure. Eligendi sunt optio perspiciatis et omnis sit. Corporis corporis rem asperiores voluptatibus. Voluptas eveniet incidunt quia omnis ipsum. Velit non praesentium sed expedita sit. Culpa sit id aut velit. Saepe sint culpa autem. Odit non minus est sequi eum exercitationem voluptas. Amet totam eaque officiis laborum voluptatibus. Itaque temporibus dolorum iure natus ut aut.',903900,54.81,352),(130,'Black Eyed Beans','Qui sunt illo. Doloribus ducimus corrupti sunt cumque est. Consequatur harum ut magnam quod. Perferendis iusto animi impedit dolores et. Voluptatum nostrum debitis sequi libero fugit. Sint excepturi culpa dolorem hic recusandae magni. Voluptas neque dolor. Ab dicta alias tempore. Dolores non unde consequatur ab. Sit dolorem dolores architecto ducimus rerum sequi.',147896,35.25,74),(131,'Mangosteens','Consequuntur eligendi tempore. Porro voluptate optio qui. Placeat cum quos vel ut porro sunt. Voluptas repellat odit fugiat alias adipisci voluptas non. Tempore architecto dolor. Impedit sequi quidem laudantium consequatur ut minima nisi. Doloremque et exercitationem sapiente. Occaecati non ullam amet aliquid. Voluptatem aut deserunt ut. Reprehenderit facilis assumenda eligendi.',772813,57.35,18),(132,'Tea','Asperiores unde illum. Et debitis ut enim. Iste assumenda molestiae in est et qui sunt. Voluptas dignissimos consequatur iusto sint molestias pariatur. Doloremque aut rerum ipsam autem minima inventore. Fugit voluptas architecto. Omnis recusandae rerum porro. Iure qui dolores at quas. Rerum vel architecto fugiat a iste pariatur quam. Soluta in aliquid quo est. Commodi illo quaerat eveniet. Vel nostrum omnis.',302923,30.86,213),(133,'Parsley','Error eaque voluptas veniam et quaerat. Nobis tempore sed dicta nulla. Est numquam enim. At eligendi qui beatae dolores. Quisquam laboriosam voluptates sint voluptatem. Similique rerum nisi asperiores. Non sint autem in commodi. Commodi neque ea porro porro vero facere aperiam. Eaque blanditiis sed. Repellendus officiis beatae.',194280,12.27,295),(134,'Thyme','Ab eaque ut. Quia dolores voluptatibus possimus perspiciatis quidem delectus. Repudiandae esse deleniti excepturi. Eveniet dignissimos non quae incidunt qui deserunt. Perferendis ipsum qui. Libero doloremque pariatur. Aut est porro eligendi eum. Qui dolores vitae odio. Enim et fugiat alias aut ad quia corrupti. Atque explicabo omnis quo ab. Nostrum ducimus neque repudiandae enim iure quasi.',231151,6.06,119),(135,'Spinach','Quae quisquam et. Tempora quas qui. Eaque vero sed provident dolorum aperiam laudantium. Corrupti et est. Et omnis aspernatur. Id tempora odit voluptatem provident cum. Quia voluptas id sunt et neque impedit tempora. Autem amet neque consequatur et. Unde velit est modi quasi aut aut. Et aut praesentium. Dicta voluptatum saepe quos fugiat. Veniam atque aut ut consequuntur explicabo rem.',898504,10.17,57),(136,'Apple Juice','Sint ullam laborum quo ut. Exercitationem facilis qui exercitationem consequatur nostrum veniam. Expedita sit quasi velit. Nostrum perspiciatis ex quia esse quia aut. Ipsa porro ut qui dolorem consequatur sunt. Architecto et et laboriosam et sed quam. Repudiandae laboriosam ut libero quia similique dolores. Numquam et dignissimos non sapiente. Possimus placeat rerum numquam exercitationem. Aut aut quis quia. Beatae accusantium repellendus.',356709,19.43,277),(137,'Bush Tomato','Repellat aut labore. Ut qui quia autem et. In ab dicta facere vero consequatur. Ex similique quia. Et itaque molestiae nihil et voluptas perferendis architecto. Dolores aspernatur a in blanditiis eum. Natus ducimus temporibus ad ut sapiente modi. Iure vitae sint rerum molestiae. Consequatur aut quam enim dolores atque optio ut. Autem commodi minus vero corrupti quidem dolorem.',577712,52.20,141),(138,'Corella Pear','Dolores quidem dicta totam sed quas et laborum. Harum labore quis qui asperiores harum. Voluptatibus molestiae dolore amet quis et. Sint similique quo. Dicta facere et facilis autem ea. Est maxime eaque placeat ipsa dolore quasi iste. Quis voluptatibus qui omnis id voluptatum. Quod nihil numquam fugiat ut iusto officia similique. Sunt quod nihil rem vel maxime qui. Est doloremque et iure.',306187,48.57,222),(139,'Polenta','Harum ut in quae ipsam ut quae. Accusantium doloremque corrupti hic omnis quasi voluptas laboriosam. Sequi modi dignissimos ab impedit. Fuga unde accusamus ratione et. Voluptas nam fugiat ipsam ipsum quia. Omnis culpa et et assumenda eligendi dolorem in. Voluptatibus et repellat labore. Quibusdam eum minus. Reiciendis iure dolores nobis ab. Vero repellat recusandae quia omnis. Quia in debitis nostrum assumenda aut. Dolorem soluta sit qui.',695568,7.06,322),(140,'Tabasco','Omnis adipisci dicta enim et ipsa. Inventore quisquam sed. Praesentium sequi sit vitae voluptatem eius. Aliquid vitae aut et libero rerum cupiditate. Enim voluptatem aspernatur et illo. Molestiae laboriosam perspiciatis fugit. Non exercitationem deleniti aperiam ab. Doloribus aut quis dolores quae impedit sint. Quasi dolores aliquid placeat. Labore saepe porro voluptas. Ut dicta veniam.',516074,45.39,228),(141,'Dragonfruit','Et ullam aspernatur suscipit quia deleniti soluta perspiciatis. Velit odio modi sit incidunt est. Illum autem est rerum voluptatem doloribus magni. Aut qui quo et necessitatibus hic. Ad debitis minima libero. Totam nobis velit quia omnis praesentium. Aut et consequatur ab. Eaque est et ab quia. Dolor voluptates quo quisquam reiciendis. Et quas repellendus nisi laboriosam ipsam.',929417,86.93,167),(142,'Star Fruit','Est quae non veniam laudantium. Rerum natus animi nihil est. Blanditiis delectus voluptatem commodi dolorum. Facilis quia et omnis. Labore natus qui deleniti enim amet. Architecto corrupti tempore. Laudantium quae et omnis velit et maiores. Est ut modi. Iste rerum molestiae quo doloribus sed eveniet. Eligendi rerum sed voluptas quis nobis et. Asperiores fugit repudiandae velit repellat.',765190,70.54,142),(143,'Star Anise','Et eum perspiciatis eos excepturi. Minima iure facere recusandae. Earum laboriosam ea nam non sit. Rerum quas quas in. Assumenda et sunt suscipit quod deserunt vel. Minus qui provident. Et molestiae quaerat porro qui. Exercitationem quae quae magnam laborum sunt. Corporis distinctio ut ut laudantium. Sapiente aspernatur blanditiis. Ut iste quos id laborum quo.',125763,82.26,201),(144,'White rice','Mollitia dolorem commodi. Sed aut voluptatem nam tempora fugiat saepe. Expedita corrupti eum ea accusantium voluptatem magnam quia. Adipisci ut fugit. Provident esse aspernatur dolorum vel. Aut quam reprehenderit. Odio totam ut. Id expedita voluptatem facilis dolorum voluptatem facilis maxime. Quaerat totam nulla corrupti harum consequatur quaerat perspiciatis. Autem provident ut modi. Quia tempore amet.',991720,14.97,219),(145,'Poppy Seed','Consequatur nam perspiciatis est fuga hic ipsa. Quia ea laborum est non aut aut in. Et facilis quisquam omnis eligendi officiis saepe ab. Doloribus est veniam porro rerum asperiores totam. Voluptatem culpa harum facere quae quo eos. Inventore vero ad est consequatur. Et et accusantium quis. Sed culpa id qui iste neque fugit. Qui voluptatem placeat quia sed laboriosam accusantium quo. Quia et corrupti. Commodi quisquam aliquid cumque fugiat.',342628,12.88,130),(146,'Chia Seeds','Provident ullam eaque. Alias aut dolorum beatae quasi minima sit repellendus. Quas quidem perspiciatis dolorum exercitationem fugiat quibusdam aut. Quasi explicabo rerum nesciunt debitis harum. Ipsum quisquam tempore magni quia iusto. Molestiae dolorem sed eos. Eius fuga voluptatem natus dolorum. Eaque itaque esse nam. Asperiores qui non quo. Adipisci enim soluta rem dolor deleniti nesciunt. Ut aliquam inventore distinctio eos explicabo tenetur aut.',209432,35.96,339),(147,'Corn Tortilla','Deserunt qui quidem illo sit architecto velit. Nisi quaerat neque voluptates architecto animi. Autem perferendis vel maiores placeat accusantium libero. Et saepe eaque eaque quibusdam suscipit. Voluptate ut aliquam. Optio qui eos aspernatur. Est aut sunt. Necessitatibus aut recusandae tempore nulla. Cum omnis minima ipsum voluptatem ab accusantium. Quibusdam et voluptatem natus perspiciatis doloremque incidunt est.',935867,32.07,233),(148,'Rice Paper','Qui sunt laudantium placeat enim quo eaque quae. Et aut et ut sapiente. Ut qui quasi officia est. Dolorum reiciendis sequi ut facilis. Vitae quia tempore laudantium rem qui. Est eius quis nihil rerum consectetur porro. At dolor dolorem. Unde nihil commodi. Quos non vitae magnam consequatur. Voluptatum inventore dolor quia itaque repudiandae eius non. Aperiam et et perspiciatis ea.',228594,37.59,140),(149,'Chives','Odit blanditiis voluptas. Maiores eos ipsam eaque non eos quo eos. Fugiat hic commodi autem aut. Qui quia quaerat ipsum. Laboriosam a fuga dolores maiores consequatur labore. In tenetur nihil. Minus et odio et assumenda. Ipsa aut quia. Voluptatem itaque et expedita placeat. Harum reiciendis aut ullam voluptatem ut doloribus harum. Tempore nobis repellat aut. Ut quia itaque est dolor.',494663,33.53,350),(150,'Blue Cheese','Maxime placeat ut quae. Natus esse et. Sed non laborum tempora et tempore consequuntur nesciunt. Voluptates tenetur et porro vel. Eos cupiditate eaque dicta vel veritatis non. Sed est et vel laboriosam iste laboriosam. Et vel pariatur est sunt. Velit voluptate doloremque. Ut suscipit consequuntur corporis odio blanditiis. Velit excepturi qui blanditiis tempora.',928872,64.59,255),(151,'Asian Noodles','Dicta et numquam ad. Repudiandae alias quos cumque fuga dolor. Quidem possimus et. Molestiae ab ex et aperiam velit ducimus. Non voluptate molestiae qui iste aut. Rerum at tempora distinctio. Quia nesciunt qui voluptas qui non. Sed nulla ratione natus. Aut cupiditate nulla modi veniam est. Est qui iure. Qui maxime praesentium numquam modi optio veniam vel. Et voluptas deserunt maiores quia quia.',225432,13.58,218),(152,'Flaxseed','Non recusandae non fugiat tenetur omnis earum. Deserunt numquam sapiente quo nobis excepturi qui in. Dolores nostrum est id reiciendis voluptas. Maxime aut quasi aut fugiat temporibus. Repudiandae expedita reprehenderit quos. Natus aut quia magnam tempora sit quas eos. Est dignissimos voluptate eum voluptas provident ut officia. Voluptatibus hic nostrum itaque enim magnam id delectus. Repellendus facilis non. Rem impedit odit.',384391,79.79,319),(153,'Lotus Root','Voluptate provident ipsa sint quo dolore. Cum quo alias est totam. Tempora nulla nemo eum. Voluptates aliquam ratione voluptas. Quidem sunt vitae ut labore. Mollitia molestiae delectus voluptas non quia. Minima iure impedit laudantium atque reiciendis cum recusandae. Voluptatem nihil et quod odio mollitia exercitationem adipisci. In ducimus neque praesentium et. Recusandae commodi voluptas voluptate ut. Dolor voluptas occaecati et qui.',798210,55.13,224),(154,'Bonito Flakes','Qui molestiae error sit illo eum aperiam. Veritatis est perspiciatis. Doloremque numquam tenetur necessitatibus aut autem. Voluptatem et quos in eos deserunt iusto esse. Fugiat quaerat qui a debitis. Minus corrupti odit minus et porro omnis. Exercitationem fugit sit ut. Omnis voluptas quo. Laborum incidunt dignissimos voluptatem numquam modi error. Accusamus earum nisi ipsa expedita. Nemo molestiae rem velit quod deleniti.',221445,51.77,153),(155,'Squash','Deserunt earum odit nostrum temporibus sed. Reiciendis soluta qui. Suscipit optio quisquam expedita sapiente deserunt. Aut voluptate dolores voluptatum qui sed commodi. Quibusdam quam beatae cupiditate. Explicabo ut officia harum veritatis et asperiores. Cum qui maxime eius qui consequatur. Corrupti dolorem aliquid velit optio quo ipsa. Odit sunt debitis facilis. Laboriosam dolorum explicabo consequatur aliquam possimus quia. Mollitia omnis maiores accusantium. Cum et veniam voluptatum qui corrupti amet.',879720,29.03,89),(156,'Fingerlime','Velit illo sunt. Illum voluptas tempore quia consequatur. Nemo consectetur dolorem accusantium. Eius eveniet sed laudantium repellendus commodi quia asperiores. Et voluptate reiciendis vero et laborum quia et. Sequi iure a repudiandae cum nemo quisquam. Odit tempora nisi non quia. Non ut corrupti nostrum harum exercitationem omnis assumenda. Accusantium tempora nihil ut explicabo perspiciatis animi. Amet quo dolor aliquam corporis sint eos. Beatae provident id odit.',710643,15.36,330),(157,'Olives','Voluptatem delectus quia harum rerum. Voluptas mollitia natus facilis. Quo a illo. Aperiam laudantium consectetur dicta recusandae. Et voluptate quaerat. Ex eos pariatur possimus velit ipsum dolorum. Dolore beatae error. Perferendis ea id odit iste. Eos assumenda porro nihil velit amet aut aut. Necessitatibus commodi non. Iure tempore cum. Molestias unde harum enim officia sunt temporibus.',980131,24.96,313),(158,'Kudzu','Quam veritatis aut eum optio assumenda laborum excepturi. Molestias autem possimus illo. Culpa beatae est odio vel rem. Eveniet illo et. Modi delectus impedit quibusdam consequatur optio. Numquam aut minus dolores facere autem. Soluta fugiat aliquam id vitae qui magni. Unde libero voluptatum. Consequatur dolorem maxime. Et aspernatur natus sed eaque. Consequatur enim vero.',382142,12.98,212),(159,'Lavender Flowers','Enim natus enim omnis libero ut natus ut. Fugiat sint dolorem quas doloremque corrupti quam eius. Dolorum consequuntur soluta placeat. Dignissimos consequatur autem veniam. Et maxime est. Consequatur odit aut. Iure possimus optio nisi asperiores ipsum atque. Facilis et laudantium corrupti impedit deserunt. Quia et aut voluptatem. Esse magnam debitis porro. Eius quia sed itaque accusamus. Ut quisquam repellendus reiciendis reprehenderit impedit molestiae id.',279859,87.39,113),(160,'Leeks','Nihil autem cupiditate. Placeat doloremque maxime. Sunt culpa suscipit necessitatibus. Aut enim asperiores mollitia ullam. Cumque fuga at tempora esse illum cupiditate at. Laboriosam quas veniam et vitae. Repellendus quibusdam dolor est voluptates ea ducimus occaecati. Soluta qui cum qui magni ratione possimus. Fugit quis molestiae. Officiis sequi voluptatem natus. Quisquam sit est ut.',874241,86.92,275),(161,'Mullet','Unde reiciendis odit error nulla. Molestias reiciendis rem. Eum et excepturi incidunt. Ut enim autem accusamus velit numquam deserunt adipisci. Non velit doloremque. Qui sed tenetur sunt amet quia vel. Ut nihil porro esse ut. Libero consequuntur non facere. Accusantium quia sit. Delectus sunt reiciendis maxime fugit.',199856,51.08,319),(162,'Cloves','Reiciendis aspernatur repellendus harum nobis voluptatibus. Ducimus sed sed cum. Laudantium ut error quia unde suscipit voluptatem. Dolorem accusantium in voluptas doloremque corporis laboriosam laudantium. Possimus iure laudantium repellendus nam excepturi at consectetur. Illo vitae quo qui aut. Aliquam accusantium molestiae quia. Et nostrum laboriosam nulla autem. Corrupti iure occaecati. Sit quibusdam accusantium est deserunt.',544187,16.87,52),(163,'Tamarillo','Debitis dolorem consequatur. In aut qui eaque odio iste quidem. Commodi cupiditate rerum sed quos reiciendis est. Quibusdam quia magnam nobis eum vel velit eos. Blanditiis enim eos id. Provident qui est dolorem. Temporibus aut libero omnis quam rerum. Esse cumque repellat. Occaecati incidunt blanditiis soluta eos rerum. Consequatur occaecati et voluptatem necessitatibus soluta.',632075,57.22,362),(164,'Fruit','Expedita molestiae corporis. Qui sint veniam nisi id enim sint autem. Iusto qui provident est qui beatae occaecati. Cupiditate occaecati omnis sapiente inventore velit explicabo nemo. Consectetur adipisci dolores. Tempora corrupti qui nobis iusto qui minima. Ut eligendi id. Earum inventore at provident dignissimos perspiciatis eveniet quo. Et fuga cumque qui adipisci. Deserunt deserunt necessitatibus itaque explicabo. Aperiam expedita fuga laborum saepe eum. Suscipit ducimus maiores fuga neque odio veritatis.',587783,3.20,227),(165,'Green Tea','Dolor aut corporis. Commodi excepturi optio in dolores eligendi voluptates optio. Aspernatur nihil et. Et adipisci ut ullam accusamus quis pariatur fuga. Omnis et repudiandae. Blanditiis aperiam explicabo aut voluptate autem quia aut. Eaque aut rerum ratione. Voluptatem ea eum optio. Repudiandae magnam quas. Illum quia qui. Ipsa fuga eos aspernatur qui possimus eaque possimus. Et quasi at.',403496,58.14,42),(166,'Nutmeg','Quia totam eum facilis explicabo accusamus. Et dolorum aut cupiditate. Qui minima aliquam nostrum optio repudiandae ex dolorem. Fugiat beatae doloribus cum voluptate quia. Qui voluptate et. Quos sunt sunt. Non in est et est architecto aut. Molestiae adipisci et tempore. Earum labore natus qui quam perspiciatis. Autem ut porro quia dolores alias consectetur. Reprehenderit voluptas architecto aut ratione. Et omnis mollitia alias repudiandae sed ab.',449753,46.16,229),(167,'Flathead','Et quo reiciendis pariatur saepe. Perspiciatis impedit sint. Eos nesciunt sit possimus consequatur blanditiis consectetur aperiam. Sed blanditiis consectetur eius voluptate. Hic voluptates quod quia voluptas ea similique illo. Laboriosam laboriosam consequatur non voluptates nihil commodi. Praesentium repellat fugit molestiae ut aut rerum. Sit et ut autem laudantium nostrum asperiores consectetur. Quasi fugiat nostrum eveniet accusamus odit. Fuga beatae et eum ducimus qui animi.',972924,57.94,304),(168,'Strawberries','Sed nobis animi quas nemo. Quibusdam dolores incidunt ratione quasi voluptatem cupiditate. Assumenda nobis qui reiciendis consequuntur. Sint quo voluptatem deserunt consequuntur. Maiores rerum laudantium. Consequuntur quisquam sint. Velit ullam quia vel ullam explicabo asperiores totam. Quaerat provident quia ea dolores molestiae. Deserunt qui nihil. A pariatur sit. A rerum optio non quas.',235285,7.46,116),(169,'Red Pepper','Architecto ea quia officia debitis. Nemo vel corporis ut magnam. Accusamus architecto nobis. Ut qui laudantium nemo non laudantium. Labore quam maxime. Qui sit cumque a nesciunt quia. Ea id blanditiis at. Minus voluptates aut et ut quia facilis. Odio sapiente voluptatum similique aliquam reprehenderit et enim. Eum expedita qui vel mollitia aperiam non et. Eius est repudiandae quis molestiae eveniet ratione reprehenderit.',278150,49.12,12),(170,'Pecan Nut','At laboriosam perferendis laudantium nam ex et. Dolor quia consectetur eaque. Omnis rerum omnis et aut aut ipsam voluptatem. Rerum repellendus et quae aliquam nihil commodi explicabo. Nihil eaque inventore iusto quis inventore qui. Sit voluptatem ut odit est. Voluptatem in esse molestias ullam aliquam. Laudantium aut vel doloremque. Blanditiis aut dolorem cumque omnis. Tempora et possimus odio. Pariatur aut deserunt id cumque et ipsum.',898249,85.18,63),(171,'Zucchini','Cupiditate a fuga. Ut corporis inventore unde mollitia eum. Officiis non neque. Est iste sequi labore id quia ducimus. Omnis porro repellat totam excepturi facilis suscipit soluta. Voluptas suscipit quod hic velit commodi ut. Sapiente enim quod quibusdam minus iste nam. Est est facilis aut exercitationem similique. Quis aliquam sit accusamus. Inventore voluptatem delectus.',684285,75.52,272),(172,'Liver','Vero consequatur excepturi expedita. Quia et blanditiis illum. Quidem delectus et. Omnis qui recusandae. Maxime et eveniet. Est similique et omnis incidunt culpa assumenda deleniti. Quia commodi officiis. Nihil sint corporis iste. Est et qui. Odit animi voluptatem culpa et.',182856,37.29,96),(173,'Bok Choy','Sed ut modi tenetur dolores sit voluptas. Molestiae numquam qui pariatur placeat libero. Qui quaerat aut quasi laboriosam inventore earum laborum. Fugit dicta dolores fugit adipisci ut ea in. Voluptatem est blanditiis officiis et nisi. Possimus est odio necessitatibus. Tenetur facilis et repellendus commodi cumque. Dolor nihil totam enim eius est. Pariatur exercitationem necessitatibus et perferendis. Omnis rerum repudiandae ullam. Provident amet et fuga atque. Eveniet mollitia nam rerum vitae nam fugiat.',360584,47.42,13),(174,'Polenta','Fugiat error laborum ex eum esse. Culpa sunt aperiam praesentium. Officia sapiente exercitationem sed. Minima quia commodi ut facere. Ea esse quibusdam ipsum minus. Ut est nostrum hic. Ducimus tempora est. Quo pariatur et. Facilis asperiores quo debitis qui sequi. Officia omnis rerum ea ipsum quia. Voluptas doloremque facere non et esse accusamus modi. Ut atque assumenda a velit eum.',157814,32.73,125),(175,'Parsley','Sed eos fugit quia modi soluta. Optio labore doloremque repudiandae doloremque. Enim excepturi suscipit quia. Odit quibusdam recusandae dolores libero. Ipsa ut aliquid voluptas et praesentium facilis. Corrupti expedita nemo reprehenderit iste et. Necessitatibus non vitae dolores. Reprehenderit tempora sed temporibus cumque eius. Quo facilis minima laborum. Omnis voluptatibus est consequuntur facilis quae dolor aliquid. Repudiandae ut earum. Nisi temporibus distinctio fuga.',628941,75.33,221),(176,'Pandanus Leaves','Quos quo doloremque aliquam. Officia accusamus est eius minima corrupti cupiditate. Culpa optio nisi ducimus veniam sunt. Eaque alias esse autem eos sapiente laboriosam dicta. Consequatur molestiae odit. Labore sapiente quo exercitationem numquam et dolorem et. Ea et numquam aliquam accusamus laboriosam et commodi. Dolores magni temporibus illo officia. Magnam perferendis unde libero sed occaecati. Omnis dolores reiciendis enim ex.',961299,62.72,13),(177,'Bean Sprouts','Esse distinctio ut quia aut asperiores. Et quo nostrum provident ea laboriosam qui. Soluta ratione praesentium labore aut. Illo et quod cumque et rerum error quo. Id dolorum sint tempora hic omnis nesciunt. Ut quasi ducimus saepe qui expedita. Dolor est repudiandae velit est voluptatem nam. Sunt consequuntur iusto natus. Sequi nam itaque aut quisquam id. Architecto ipsum ipsam eos.',194110,7.84,103),(178,'Rye Bread','Nobis laborum aut modi dignissimos. Veniam quam ut sunt provident. Id exercitationem aspernatur illo in quis. Dolores sunt impedit. Nihil consequatur eligendi velit dolor. Excepturi qui omnis ullam. Ipsum aut excepturi sit assumenda aut. Quo occaecati sit enim aperiam. Omnis dolor aut vero at placeat. Ex quaerat dolor magnam sint autem nam culpa. Veritatis mollitia consequuntur expedita eaque corrupti est.',199002,58.41,116),(179,'Thyme','At est est voluptas. Quos velit et. Ipsa corporis expedita inventore eligendi ex est explicabo. Aut tempore cupiditate reiciendis eum corporis dolor. Ut fuga eaque. Porro laborum alias sapiente porro sunt dolores est. Saepe incidunt omnis autem corporis. Enim voluptates quo. Voluptatum consequatur in dolor dolores eos architecto qui. Modi amet quaerat odit accusamus. Delectus in beatae omnis. Non optio excepturi beatae.',624065,51.04,263),(180,'Bocconcini','Cupiditate vero nemo. Numquam optio quod est impedit labore quidem at. Aut provident quasi maxime impedit quaerat numquam ad. Voluptatibus minus et velit quia voluptatum qui. Repellendus ut earum facere et dolorem. Praesentium et dolores at provident animi qui minima. Modi delectus quae magni. Voluptates cumque impedit aut tenetur quia non autem. Amet voluptate quaerat. Consequatur dolores occaecati inventore voluptatem provident exercitationem aperiam.',399173,61.31,251),(181,'Hot Smoked Salmon','Natus id commodi voluptatem tempore officia beatae dolorem. Et nobis necessitatibus. Repellendus neque distinctio sit eaque. Aspernatur culpa praesentium minima eum magni quia illo. Veniam nemo et illo. Nisi tenetur sit quo qui. Corrupti ullam provident vero. Maxime laudantium eos est excepturi expedita. Voluptatibus sint qui fugiat non. Dolorum perspiciatis vel eos ipsum. Molestiae quia rerum modi unde at distinctio tempora.',384716,16.65,104),(182,'White rice','Blanditiis repellat non doloremque ut dolor. Ad molestiae ut nulla est. Blanditiis sequi quod quo reiciendis. Nobis voluptatem ea consequatur ex praesentium architecto. Quia laboriosam praesentium. Quia dolore accusantium. Cum dolorem voluptas. Adipisci quia exercitationem neque saepe. Sint cumque laboriosam qui sed voluptatum. Omnis eos et facilis.',414563,26.84,113),(183,'Chinese Cabbage','Hic veniam dolores. Dolor distinctio quis similique dolor. Sint esse corrupti sit. Dolores modi autem debitis sit a odio. Voluptate eum et nesciunt odio aut ut. Voluptas officiis sit eaque. Natus fuga consequatur voluptas qui aut dolorem delectus. Aut in omnis vero eum. Quia error explicabo aliquam cum quae eos. Perferendis enim tenetur consequatur quis est dolorem.',222183,1.25,247),(184,'Oyster Mushrooms','Beatae voluptatem voluptas aut quae non. Molestias et alias. Aut saepe tempora nihil ea occaecati illum quae. Aut illum minus laboriosam numquam. Possimus aut dignissimos dolor natus dolorem. Reiciendis consequatur molestias quis. Est laborum in. Quos rem deleniti. Ad est ipsa cupiditate dolorum dolores soluta. Molestias quia voluptas. Nemo velit aut qui occaecati qui ut. Enim amet quam atque quo aperiam ipsam delectus.',903246,58.29,175),(185,'Sweet Potato','Odit tenetur molestiae et. Quia rem unde quis. Est labore vel dolor eos ratione assumenda. Optio maiores officiis voluptatem voluptas est nam. Quod quo fugit culpa molestiae nulla qui. Sed qui temporibus. Voluptatibus soluta maxime. Et rem tenetur consequuntur a. Excepturi est temporibus. Nisi sunt et et rerum officiis est.',773478,34.09,130),(186,'Choy Sum','Cum illum deserunt aliquid molestiae. Voluptatem labore voluptatem iusto perferendis enim. Quis voluptas ut sint deleniti commodi eaque. Facere cum laborum. Porro sint iure debitis odit nihil officiis pariatur. A eum blanditiis. Consequatur sunt commodi sunt omnis. Occaecati delectus labore ab quos. Et harum tempore et laudantium dicta similique. Culpa eum vitae. Quas et cupiditate hic.',397137,89.70,118),(187,'Trout','Quisquam laudantium at eum aliquid omnis. Neque omnis qui rerum facere fugiat ducimus. Nihil nisi rerum alias corporis deleniti optio optio. Rerum sit ut modi esse. Deleniti est eligendi consequatur iure quia quia esse. Unde in suscipit blanditiis. Quia recusandae hic nulla porro non reprehenderit. Explicabo reiciendis sapiente et. Nesciunt sit suscipit tenetur. Voluptatem voluptate veniam.',317972,41.04,192),(188,'Grapes','Accusantium qui soluta et placeat dolores ut sit. Magni repellendus quasi perferendis. Libero minima non praesentium. Excepturi aut non. Vel doloribus facere. Iste debitis ratione eos optio. Sint omnis est blanditiis. Atque id voluptas sunt rerum est adipisci dolor. Ut molestias qui perspiciatis maiores. Dolorem excepturi quidem sequi quis exercitationem reiciendis.',334625,31.68,241),(189,'Brazil Nut','Optio et eum. Porro tempora veniam nobis dolores ducimus id voluptate. Sunt blanditiis et hic maxime quasi cum. Ut nam assumenda eos perferendis et nesciunt. Aspernatur assumenda et dolores rem. Nihil dolores expedita aperiam dolor omnis. Aut dicta culpa ipsa quisquam quos aut. Expedita similique sequi reprehenderit consequatur aut voluptatum beatae. Repudiandae voluptatem autem quam dolores. Ullam praesentium beatae architecto. Animi fugiat autem et quos fugit et corrupti. Sit occaecati impedit id voluptatibus vel.',749419,34.62,268),(190,'Quark Quinc','Consequatur ratione enim libero quis. Porro modi itaque est omnis. Et explicabo eaque ratione eos mollitia tempora. Corporis nihil omnis nam. Omnis velit consequatur rerum pariatur repellat. Esse ut optio maxime enim provident. Ut doloribus veritatis ad perferendis natus. Facilis voluptate culpa sint ratione ullam. Sunt aspernatur a qui consequatur ut. Reprehenderit dicta voluptas sunt voluptas corrupti.',543651,69.62,257),(191,'Oatmeal','Veniam quia excepturi excepturi distinctio quisquam consequatur illum. Facere aliquid praesentium tempore ea. Placeat praesentium magni quia. Atque velit dicta aut pariatur fuga. Tempore natus odit deleniti. Voluptatum asperiores iusto quia facere. Eum voluptates rerum quisquam eius pariatur. Blanditiis quasi laboriosam quia. Rerum voluptates quo repellat soluta. Blanditiis necessitatibus aliquid nihil. Totam debitis dolores. Sapiente tenetur dolorem porro architecto.',462548,69.24,115),(192,'Feta','Dolores totam impedit ut est magnam corrupti repellat. Assumenda consequatur odit rerum esse. Dolor et tempora. Suscipit facilis sed impedit praesentium. Iure molestiae voluptatem placeat. Quia omnis eaque ab. Distinctio delectus ab ratione quia enim. Quia ab praesentium a. Fuga omnis quae voluptatem aut. Aut rerum et possimus sequi blanditiis incidunt. Laudantium culpa et nobis. Vitae est vel quod.',467951,88.64,152),(193,'Butter Beans','Temporibus tenetur quasi eum id ut corrupti. Mollitia sit temporibus et eveniet cum est rerum. Quia expedita consequatur nisi ut. Minima non adipisci quo est quis sit qui. Et laudantium rerum voluptatibus. Voluptas quaerat fugiat itaque. Vel omnis consequatur saepe aperiam nemo ex. Officiis natus ut quo. Esse amet omnis ipsam fugiat itaque. Atque ducimus et eaque perspiciatis ex quis. Velit delectus velit officia nulla voluptatem et dicta.',317905,3.45,51),(194,'Kiwi Berries','Iste officia animi alias. Sed sit sint pariatur. Est voluptatibus reiciendis repudiandae dignissimos. Quod impedit consequuntur. Nostrum sit ut in rerum id. Laborum magni eum sed qui accusantium nulla. Tenetur ea accusantium enim. Eum est possimus ad ut est voluptatem. A quibusdam consectetur eaque quis. Quam accusamus sit et quos ea. Aspernatur expedita repudiandae aut qui.',815954,71.62,147),(195,'Butter Beans','Dolorem quis eaque minima ab quasi. Molestiae omnis quia illum sequi quam ex ab. Suscipit perspiciatis corrupti. Vero facilis est ullam eaque qui ea dignissimos. Atque dolorem ut. Et quia tempora ea deleniti quia reprehenderit. Eos delectus molestiae itaque. Aspernatur aspernatur nihil. Id maiores amet ea voluptatem. Architecto architecto molestiae ex facere. Cum voluptatem pariatur occaecati cum ab.',878894,45.22,221),(196,'Cream','Nemo enim rerum. Reiciendis quis consequatur id tempora ex. Ratione deserunt ut. Voluptate asperiores facilis sequi iste ut eos libero. Ab odio numquam consectetur. Facere aut mollitia molestiae. Quisquam non sunt. Animi consequuntur vel tempora. Omnis non eos quas. Ut sunt qui quos non.',939363,88.93,300),(197,'Grapefruit','Ea deleniti dolore a nisi hic. Ut aut debitis eum. Vitae ut ex voluptatem alias et consectetur sit. Ipsa nesciunt quisquam. In qui rerum aspernatur dolorem voluptatem sit quis. Dolorum modi dolor aut voluptate expedita velit. Eveniet quasi ipsam nulla in similique perferendis. Ipsum aut sed ut. Ducimus repellendus quidem distinctio. Velit aut consequatur et voluptatem et et. Autem labore quia est quia.',992717,76.28,122),(198,'Guava','Saepe corrupti non eaque incidunt voluptatibus voluptas rem. Neque pariatur incidunt pariatur molestias veniam ut laudantium. Odio minus sit alias sint voluptatum ut et. Harum ipsam quaerat vel laboriosam dicta. Illum laboriosam eum. Laboriosam autem molestiae. Accusamus illo accusantium et nisi amet quaerat error. Aut ad fugit magnam autem consequatur maiores quaerat. Quo illum nesciunt aspernatur. Illo cupiditate quia unde ea.',579166,61.48,57),(199,'Mace','Tempore sunt numquam omnis et nostrum. Porro rerum quasi dolore. Eveniet consequatur quidem hic provident provident omnis. Nesciunt accusantium et quidem harum dolor. Quia vel dolorum. Et voluptas quo reiciendis ut animi amet tempora. Dignissimos voluptatum aut voluptas enim. Quia ducimus est voluptatem dignissimos aut sint reprehenderit. Deleniti laudantium enim rem assumenda a est nobis. Magni quidem autem.',520529,54.96,264),(200,'Avocado Oil','Facere ducimus ducimus doloremque doloremque minima. Corporis repudiandae dolorum quia reiciendis id. Delectus quos sit veritatis at iusto. Quia inventore non dolor voluptatibus quidem sed et. Qui molestias sunt eos. Dolore est ullam. Eaque sed vel sunt voluptatibus. Quis nostrum qui maxime. Error tempora magni voluptas est officiis. Ad debitis consequuntur necessitatibus reprehenderit.',407230,20.78,78),(201,'Grape Seed Oil','Et aut vel consequatur error et. Repudiandae nemo asperiores reiciendis consequatur. Aut ut quia corrupti esse alias. Autem dolor architecto quo cumque aspernatur. Ipsum quasi officiis fuga. Architecto hic distinctio expedita. Qui accusamus qui est. Voluptatem illo labore ullam. Et cumque recusandae vel odit fugiat sit. Magnam qui vero facilis at eaque. Aspernatur facere corrupti in.',490781,17.73,299),(202,'Pinto Beans','Hic aut quibusdam aut facilis facere repellat. Omnis repellat corrupti ut qui voluptates sapiente inventore. Voluptate velit sint eum dolor iste optio. Enim aliquam in nesciunt libero quas earum. Quas aut ea consequatur. Aut non praesentium in delectus inventore. Doloribus facilis voluptate mollitia optio in natus. Libero earum accusantium ea aliquam quos ad sapiente. Laborum occaecati laudantium. Maiores enim adipisci.',746324,21.83,187),(203,'Annatto Seed','Dolore labore sint. Laboriosam a quia accusamus veniam minima vero. Accusantium praesentium nihil suscipit. Voluptates modi dolore quo dolorem qui sunt voluptatibus. Non vitae enim. Magni inventore et et qui. Quis et nesciunt rem error. Ut aliquid provident suscipit voluptatem nostrum eveniet quae. Minus quidem qui ex cupiditate vero. Laboriosam a et sed ut laudantium. Nihil eveniet aliquam distinctio quo.',212314,25.20,34),(204,'Jerusalem Artichoke','Corporis esse minima corrupti repudiandae. Molestiae deserunt quasi. Ipsa consequuntur enim. Perferendis id cupiditate sint qui repudiandae. Voluptas recusandae earum consequatur molestiae aut. Omnis autem temporibus ut quae doloribus. Harum repudiandae maiores ab. Suscipit cum in. Est nulla sed voluptatem excepturi in ab incidunt. Sit ut necessitatibus.',993168,17.02,311),(205,'Buckwheat Noodles','Tenetur dolore expedita voluptas. Rerum reiciendis fugiat dicta. Rerum possimus ullam quia et tenetur harum. Vel odit nemo esse voluptates dicta pariatur. Est quo officia dolor. Eum vel animi tempora et et cupiditate. Harum ipsam voluptas dolores. Dolor consequatur est porro. Vitae amet quia. Facere nostrum et et voluptatem est at id. Et rerum veritatis voluptas.',690966,69.02,24),(206,'Asafoetida','Dolores aut aut quis. Molestiae quibusdam dignissimos voluptas earum earum. Debitis a optio. Delectus eos corrupti. Officiis quod repellendus eos mollitia soluta. Ut ducimus aut. Qui qui architecto nobis non tenetur. Repellat ea modi ipsam. Ea nostrum quod quibusdam ut enim suscipit. Amet saepe velit non. Voluptas a reiciendis reprehenderit. Repellat et nostrum earum reprehenderit error perspiciatis rerum.',420263,28.40,245),(207,'Licorice','Eum quia et et. Expedita nostrum suscipit eum voluptas. In natus consequatur. Omnis accusantium ipsam hic laudantium. Eos vero temporibus et. Dicta officiis est consequuntur exercitationem. Dolor ex esse vero eos. Eum voluptatem et consequatur facere. Dolorem porro quia et sit eos earum. Ipsum tenetur odit. Omnis dicta sunt totam laboriosam aut hic.',615101,65.17,82),(208,'Avocado Spread','Est deserunt optio reiciendis voluptatibus expedita perferendis eum. Veritatis quo esse non debitis. Autem vel temporibus perferendis quis fugiat. Iusto voluptatum dolore nemo aut ut illo quisquam. Voluptas sit aperiam omnis. Dolor aut officiis molestiae. Velit voluptas tempore dolores. Sed repellendus enim et. Omnis dicta dicta repellendus. Qui id sint quidem veritatis. Adipisci error officia accusamus corporis ut. Voluptatem non alias quia magnam.',581819,5.46,21),(209,'Pasta','Deserunt eum facilis. Corporis amet odit at maxime. Quasi ea minima. Est omnis totam voluptate ullam qui. Autem debitis provident. Et illum quia dolorem. Totam minus dolorem odio. Labore quia asperiores nulla. In consectetur et. Ratione aut temporibus illum. Quaerat est nulla.',231632,2.84,208),(210,'Sesame Oil','Est nihil eligendi corporis reprehenderit laborum. Ut modi cum aut. Quod et minima ut et mollitia officia. Quam eos vel vel quis eligendi. Blanditiis pariatur iusto. Iure ad tempore. Dignissimos est voluptatem. Aut ab et atque nihil molestiae amet repellendus. Et illo quia nemo. Aut nulla praesentium dolores ut eos.',229274,89.48,261),(211,'Grapefruit','Porro accusamus dolores asperiores est autem atque. Voluptatem vero tempora. Hic sed voluptatibus et. Eaque doloremque ipsam rem occaecati. Corporis nihil voluptatem. Id sit ipsum eum est pariatur quo facilis. Nihil ut et eius. Tempora animi illum laudantium sed ab a. Ab officia est. Impedit alias dolor commodi quo nisi. Nihil explicabo et.',295049,87.02,316),(212,'Avocado','Porro odio aut at iure et et. Eum aut qui aut. Dolorem aut sit fugiat quam. Provident id qui rerum qui. Tempora consequuntur voluptate. Laudantium aliquid iste suscipit molestias et. Error rem est a nihil sit. Quibusdam explicabo fugiat voluptatum voluptas laboriosam tempora voluptatem. Esse sunt esse dicta est ut est. In reiciendis ut dolore natus. Et nam cum sunt consequatur officiis ea velit.',214707,77.55,79),(213,'Cassia bark','Numquam est deserunt enim sit. Eos perferendis quis sit fugit deleniti. Corrupti qui autem. Sint nemo repellendus libero ut sit sapiente. Assumenda qui aspernatur. Reiciendis architecto id qui vel minima commodi. Sit ut aut minima et enim ab repellat. Qui non quam sunt eum sed facere. Aut aut tempore ipsa ut nostrum ut illo. Adipisci magni praesentium vero qui illum.',466573,23.15,151),(214,'Mountain Bread','Non neque et. Et magnam et pariatur sit velit ut. Eum neque dolores est facilis repudiandae. Ullam placeat aut exercitationem tenetur sed. Nulla id eum repellat. Inventore assumenda similique est quaerat et sunt rerum. Illo qui voluptas esse velit. Minima illum aut consequuntur dolores. Deleniti est et beatae in ducimus. Velit tempora quo voluptas ex est cumque. Officia consequatur molestias eos. Est soluta suscipit qui veritatis.',275340,52.90,154),(215,'Mastic','In et eos est vel voluptatem ipsam soluta. Maxime natus iusto nihil quos porro. Optio impedit minima reiciendis reprehenderit est sit placeat. Voluptas rerum est sed accusamus. Autem velit ab beatae ducimus neque numquam. Id rerum esse veniam aut sunt soluta sed. Autem et in neque et eos maxime. Vel nobis tempore repudiandae vel mollitia aut. Velit et dolor magnam vel. Quasi nemo sit tempore aut accusantium.',237877,39.94,309),(216,'Greenwheat Freekeh','Vel repudiandae aspernatur ratione optio. Necessitatibus natus ipsa et doloremque doloribus ad et. Tempore voluptas nemo odio voluptatem. Impedit in ex sequi atque beatae. Qui debitis quia labore. Ex cum magni culpa iste animi neque. Ex voluptas dolorem molestias. Nihil ipsa omnis ut ut vel voluptates labore. Voluptas maxime sed quo quam minus. Eius perspiciatis tempora amet voluptas similique labore repellat. Fuga nam placeat ea mollitia.',320617,82.19,12),(217,'Semolina','Magnam blanditiis sed et. Nesciunt corporis consectetur necessitatibus earum ipsum suscipit hic. Voluptatem occaecati consequatur provident cupiditate illum unde unde. Porro est sed est repudiandae placeat. Est dolor quis est dolores suscipit ullam vel. Dolor adipisci laboriosam et ipsa. Laudantium qui ipsam quam accusantium. Sint repellat occaecati eligendi. Dolores tempore voluptatum. Iusto excepturi veniam.',533051,44.44,189),(218,'Rhubarb','Consequatur aut ut similique minima minima saepe. Quaerat ut doloribus repellendus temporibus. Atque dolores voluptas. Molestiae eius ad ipsum. Et quis nesciunt eum veniam. Tempora occaecati qui necessitatibus aspernatur nesciunt omnis. Est et corrupti aut rem sequi autem neque. Sed veritatis tenetur. Vel eum asperiores cupiditate omnis. Praesentium deserunt est natus ut expedita.',633562,77.25,194),(219,'Dark Chocolate','Et harum blanditiis nihil velit. Quibusdam amet eum rerum tempore repellendus blanditiis. Quasi repellendus quidem tempora reprehenderit. Quas temporibus sit nemo praesentium. Cupiditate temporibus sit voluptatem quo corrupti. Voluptatem atque eligendi. Ut qui aliquid repellendus porro. Et ipsum voluptatem fugit quia. Qui est itaque a dolorum enim autem. Inventore porro aut velit architecto. Numquam modi labore autem voluptas quasi doloremque.',529158,76.63,41),(220,'Endive','Ullam dolorem iste. Id enim earum aliquid soluta. Beatae impedit quisquam in quas neque labore quo. Et eos rem est repellendus. Quaerat qui id necessitatibus. Nihil quam velit voluptas. Recusandae dolor totam. Eveniet eos doloribus laborum et natus ex. Qui tempora sed. Dolorum et repellendus et soluta a et.',820438,69.44,323),(221,'Mozzarella','Rerum architecto quaerat sunt nobis quaerat et. Dolorem nihil aut ea in. Iste asperiores et earum harum vel sit voluptatum. Excepturi voluptatem et unde quasi in voluptas. Accusamus autem repudiandae. Ipsa tempora aut enim. Ea quos hic tempore est. Et tempora aspernatur molestias inventore voluptas esse. Porro quo aperiam labore nihil laboriosam odio. Quas assumenda eum distinctio. Soluta est suscipit dolor minima eum doloribus quisquam.',695322,20.39,66),(222,'Cashews','Minima unde aut nam. Reiciendis ipsa omnis animi ducimus eius enim. Ut similique velit eos et neque temporibus. Qui ex quis sequi magnam rerum asperiores. Dolor dolores earum enim ducimus qui. Pariatur iure et nam commodi porro aut. Voluptatem enim debitis et non aliquid. Earum eveniet rerum ipsa expedita. Aut distinctio provident. Temporibus soluta asperiores cumque harum. Aut temporibus ut animi sit.',317253,31.82,63),(223,'Cavalo','Repudiandae nihil facere sit dolorum voluptas est. Aut nisi aut qui. Est deleniti et quaerat corporis esse facere. Provident delectus et perspiciatis. Sed omnis officiis voluptas rerum et ab. Magnam et qui libero sunt. Assumenda accusantium aut itaque laudantium quo. Asperiores voluptate possimus laborum cupiditate aspernatur. Ea et et in similique et. Et totam voluptas illo enim vel repellendus. Inventore quo dolores. Nihil recusandae numquam illum nisi illo.',224393,52.53,110),(224,'Arborio Rice','Facere rerum similique voluptatum magni. Consequatur qui nulla quaerat esse ut cupiditate. Iste voluptatem est saepe. Aut voluptas ut assumenda. Eaque illo dicta. Recusandae molestiae praesentium tenetur tempora perferendis. Est perferendis beatae velit. Consequuntur sed eveniet quia nam. Ab sit non aut vitae. At modi explicabo totam hic ut atque impedit. Dolorum a doloribus consectetur sit fugit debitis commodi. Reiciendis debitis dolorem aspernatur libero possimus aspernatur iste.',648108,76.41,352),(225,'Oat Flour','Quos quidem a cum odit et fuga. Eius quasi voluptatem. Nihil voluptates molestiae. Repellat voluptatem eligendi. Eum voluptates eligendi adipisci quia. Dolores dignissimos molestiae recusandae cum occaecati vel sunt. Modi placeat qui id eum. Id nobis et enim aut et perspiciatis. Ea ab eum inventore. Soluta rerum ipsa ipsa est quia consectetur ex. Corrupti dolorem iure dolorem aut deleniti. Architecto et quidem natus.',190586,29.22,358),(226,'Fennel','Saepe qui ullam cum sequi est minima ut. Eaque consequuntur cum amet ut qui soluta est. In molestiae architecto deleniti quidem. Aut consequuntur et. Hic placeat voluptas ipsam consectetur ad qui. Soluta nihil iste debitis reiciendis. Quasi tenetur cumque sint rem nostrum sit. Quisquam et magnam libero molestias non consequatur est. Et rerum consequatur. Rem harum facilis accusamus ut. Laborum ut quia perspiciatis quam. Voluptate dolores sunt sit rem.',155197,71.36,18),(227,'Blackberries','Explicabo qui temporibus. Aliquid dolorum adipisci vero explicabo sint vero. Minima repudiandae ea harum ea. Qui tempora debitis et fugiat perferendis optio. Delectus unde velit debitis vel soluta. Et voluptatem eius iure velit. Mollitia et rerum rerum quas labore quia. Fugiat blanditiis laudantium fuga tenetur quia eos. Qui sit non id atque quaerat neque. Cumque et cum voluptatem dolorem quasi porro.',916722,11.14,71),(228,'Goat Milk','Similique et consequuntur. Temporibus voluptatibus ducimus rem. Aspernatur quasi officia vel. Dolorum ut deleniti quae deleniti. Aliquid enim accusantium deleniti non quia natus. Est esse quo deserunt temporibus veritatis. Esse reprehenderit nihil fuga. At voluptatum autem blanditiis minus perferendis ipsum perspiciatis. Est optio sed maxime quo quos ut est. Fugit ut repudiandae numquam natus perferendis ex nihil. Aut velit velit dolore saepe consequuntur fuga.',242693,78.41,293),(229,'Cacao','Vitae sint quibusdam reiciendis assumenda numquam non placeat. Nobis vero ipsa ut. Consequatur et quidem perspiciatis. Voluptatem voluptas officia culpa sed dolor. At est voluptatum aut at possimus. Ut ut quod mollitia quia nobis sint itaque. Doloremque totam at officiis. Eos sequi nihil illo sit officiis eos. Omnis in blanditiis quis harum. Sit alias repellat voluptatum modi neque aut amet.',854583,76.93,183),(230,'Artichoke','Ut ut voluptate qui et omnis. Dolores iste maiores incidunt dolore ab rem. Saepe est sapiente veniam soluta doloremque. Aperiam id maiores omnis. Eveniet maxime et similique animi aut voluptatem natus. Quis aliquid alias sed dolor provident reprehenderit. Nobis rem quaerat dolorem cumque pariatur ipsa. Consequatur ut quas ex id fuga dolores animi. Provident nihil perferendis et rem quisquam est consequatur. Iste voluptatum doloremque vero fugiat provident aspernatur. Maiores libero accusantium cum.',634268,3.34,26),(231,'Anchovies','Molestias earum maiores. Enim suscipit quidem quo est. Temporibus qui distinctio ut. Exercitationem sed autem est. Quo similique explicabo quia. Corporis amet ab ut inventore. Dolor omnis nam a necessitatibus modi voluptas est. Aut quas a iure voluptatem in. Cum necessitatibus libero quis. In ullam molestias. Quia saepe non cum. Voluptate dolorem fugiat eius aut natus dolor.',258216,84.74,283),(232,'Vermicelli Noodles','Hic ut dicta voluptatem. Quam ducimus et temporibus incidunt tenetur. Eveniet occaecati dolorum. Harum ex alias iure optio aut et. Fugiat quia ipsa quam consequatur ut aliquid. Eius sint rem voluptatem. Quisquam rerum eligendi quia maiores. Officiis tenetur sapiente consequuntur. Quia vero sapiente nulla qui. Voluptas itaque dolorem eveniet.',849247,26.61,263),(233,'Cream Cheese','Voluptas asperiores non. Similique dicta sit et et quia modi. Omnis enim voluptatem esse autem. Nesciunt saepe et fugit corporis. Error consequatur placeat vero est. Suscipit suscipit deleniti qui consequuntur sed dolores similique. Iste odio rerum fuga quia magnam iste. Et ut aut assumenda. Maxime laudantium at. Aperiam dicta officiis odit reiciendis. Est est distinctio tempora ducimus molestiae voluptatibus non.',918112,87.48,106),(234,'Chickpea','Assumenda et quis. Architecto aspernatur rerum quod excepturi. Omnis fugiat voluptate et dolores repellendus ut alias. Dolor aut illum et. Autem molestias eius velit. Ut cumque non ad recusandae libero. Tempora qui perferendis autem molestias. Animi omnis dignissimos nemo et sed et. Totam recusandae ut quia adipisci. Eos reprehenderit est est. Quo quas itaque omnis.',691269,69.55,89),(235,'Mulberries','Quia quo cumque ut libero dicta. Fugit laborum dolores incidunt nihil odio. Et eum molestias quos ut dolorem itaque. Veritatis fuga placeat harum nostrum et. Autem numquam beatae et est vel. Sit velit culpa unde quia dolorum minima. Quidem totam suscipit unde illo. Dignissimos in ullam quis quos et. Expedita tempora dolor quis corrupti soluta omnis impedit. Dolores eaque nulla aut est ullam amet.',456668,38.72,119),(236,'Camembert','Enim eum cumque. Cumque dolor ut amet voluptas non. Fuga molestiae libero. Eos et vero provident amet voluptatem. Debitis voluptatibus ea ea veniam fuga. Rerum ut dolor nihil tenetur qui nemo. Maxime similique nam et fuga natus ut. Eos alias placeat. Aut et nisi porro ad vero. Quis nihil voluptatem animi culpa perferendis. Soluta doloribus asperiores deleniti non perspiciatis occaecati explicabo. Nemo enim ad voluptate voluptatem molestias omnis.',220910,66.16,320),(237,'Buckwheat','Vel fugiat numquam libero dolorem sunt ad. Voluptas sed velit voluptas est quidem. Dolor qui facere. Quia repellendus iusto adipisci. Iste rerum explicabo quas et vel deleniti alias. Dolor consequatur quasi soluta sunt cum natus. Nobis modi et. Exercitationem sunt tenetur nihil quia veniam. Illo sint consequatur autem asperiores libero voluptas. Quis beatae et. Perferendis veniam consectetur dignissimos laudantium. Neque numquam debitis impedit deserunt.',224535,2.09,169),(238,'Annatto Seed','Aut ea consequatur. Quos ea ut. Molestiae architecto quia et quis placeat voluptatem. Cum ut ea magni. Consectetur est eveniet molestias ut et accusantium. Libero ad ut. Vero doloremque ducimus fuga necessitatibus omnis. Ab et enim. Deleniti sint ea dolor consequuntur minus. Debitis non maxime aliquid. Minima quas dolore. Fuga esse eligendi consequuntur explicabo cupiditate.',852826,14.59,233),(239,'Buckwheat','Et consequuntur itaque hic saepe alias vel. Iste officiis voluptatum ut. Aut rerum voluptatem voluptas placeat. Itaque aliquam incidunt est ipsam necessitatibus. Rerum voluptas sunt repudiandae ea molestiae. Repudiandae natus veritatis quis. At aliquam et quibusdam minus beatae nobis. Omnis alias autem itaque et. Autem unde placeat dolorum ut enim omnis id. Eum inventore molestiae inventore recusandae iste tempora. Id delectus vitae molestiae quos placeat. Est eaque doloribus cupiditate mollitia vel repellat dolorem.',440008,17.33,298),(240,'Amchur','Ullam maiores ipsum minus. Et aut voluptates impedit beatae non qui. Non ut natus est. Hic culpa ut. Ducimus provident doloremque incidunt impedit voluptas. Quam quia id ab. Repudiandae voluptatem aut mollitia magni expedita. Perferendis rerum facilis. Corporis beatae sit maiores necessitatibus. Dolor incidunt nihil. Fugit ratione est voluptatem in. Qui eveniet autem.',337962,57.24,72),(241,'Kidneys','Aut aut laboriosam ut animi id. Recusandae iure ratione tempore. Tempora tempore molestiae. Sapiente quidem dolor ipsam. Sint in dolore ratione dicta adipisci. In incidunt dolor voluptatibus aliquid. Distinctio consectetur eum aut qui. Nobis aut accusamus fuga et. Quibusdam est dolor quasi eveniet tempora veniam. Iure recusandae illo ut velit. Occaecati quo sed ut fugiat.',877296,79.56,167),(242,'Nasturtium','Omnis culpa et. Iure cupiditate omnis id ipsum sed et et. Odit enim deleniti sint nobis. Omnis id harum omnis. Enim iusto est. Dolores aliquid expedita quo quia. Ea nam nesciunt quasi aspernatur sunt voluptatem eligendi. Officia et illo praesentium rerum eius. Vitae quasi natus non reprehenderit unde culpa. Fugiat optio sit aut aut est. Et fuga provident explicabo omnis nobis quibusdam qui. Quia ut est maxime saepe numquam.',503167,22.12,258),(243,'Turkey','Eos suscipit provident id. Quae dolores enim et neque doloribus. Aut et debitis. Aliquid quam et aliquid accusantium perspiciatis dolor. Ab expedita consequatur sed eligendi aut possimus id. Autem magni quaerat odio laboriosam natus. Mollitia consequatur reiciendis dolorum fuga voluptatem. Rerum sapiente tenetur quis. Ad dolores sed dolorem. Non corrupti at sint doloribus ipsa excepturi dolore.',237058,60.84,69),(244,'Lettuce','Atque possimus consequatur porro omnis nulla et deleniti. Exercitationem tenetur ad ut. Dolorem nam voluptatem. Qui ut eius esse non. Omnis eos illo labore aliquid sed. Et quasi omnis corrupti sed cum ut dolores. Iste rerum quisquam nulla dolor adipisci ea. Excepturi aliquid itaque. Ipsum blanditiis enim voluptas ut maiores. Nihil sint voluptate odio repellendus. Cum perspiciatis et autem et iusto nam et.',636769,13.28,275),(245,'Soy Milk','Deleniti et ea. Est vitae voluptas. Et adipisci voluptatem. Soluta est voluptas corporis consequuntur. Qui architecto sit occaecati asperiores. Consequatur fuga harum dignissimos enim ullam. Excepturi veritatis laborum neque iure quibusdam voluptatem. Saepe esse inventore consequatur nostrum laboriosam eum corporis. Veritatis tempore vitae. Maiores laborum id. Libero ipsum accusamus dignissimos itaque cupiditate. Maiores fuga aspernatur voluptatem dolores rerum.',428872,23.08,97),(246,'Miso','Velit incidunt voluptas eum qui iste ea et. Quam dolores ab. Consequuntur assumenda error culpa accusantium exercitationem est voluptatibus. Enim facere in quia. Aut repellendus neque repellat aut sit et. Consequatur aperiam iste. Minus incidunt sint non ipsum eos voluptatem beatae. Excepturi voluptas labore accusantium. Aliquam et in eum. Consectetur dolor laboriosam quia. Et cupiditate qui tempore. Est sit natus doloribus suscipit nihil consequatur eaque.',724002,1.54,362),(247,'Pomegranate','Rem vel voluptatem dolor consequuntur soluta veniam. Cumque harum possimus sint voluptatem et. Numquam exercitationem cumque ut. Nam architecto eum et. Iure mollitia illum quas itaque. Fugit reprehenderit enim earum. Accusamus tenetur debitis possimus corporis aperiam dolores consequatur. Labore recusandae itaque odio rem modi itaque. Repellendus aliquam blanditiis in fugiat quod. Doloremque aut aspernatur officiis pariatur iste. Rem numquam voluptas omnis a. Magni est debitis eum similique molestiae aut.',389827,65.87,92),(248,'Potato Flour','Quo dignissimos nesciunt praesentium repellendus. Natus labore libero est consequuntur assumenda. Molestiae necessitatibus reiciendis. Culpa dolorem veniam odit aut. Et sit consequatur est vel rerum repellat est. Delectus omnis sed dolorum debitis eaque. Est debitis officiis mollitia vero similique culpa. Eos dolores doloremque nam impedit. Velit necessitatibus sit ipsum doloremque. A eius tempora alias veniam eos rerum aliquid. Tempore incidunt fuga aspernatur. Sint esse omnis fugit beatae.',153220,57.73,74),(249,'Cashews','Aliquid fuga iure. Et aliquid aut deleniti aspernatur dolorum. Harum aliquid sint perferendis. Et eum molestiae temporibus labore ratione iste. Similique aut accusantium. Fugiat et aut quasi maxime quisquam assumenda. Id rem consequuntur neque esse sit dolorum. Nesciunt incidunt velit amet impedit. Nemo nesciunt sunt itaque debitis. Quas qui cumque voluptas voluptas laudantium. Non magnam asperiores ut eius veniam repellendus occaecati. Voluptate impedit fuga sunt et dolor dolore.',777929,82.28,88),(250,'Corella Pear','Sit eum possimus adipisci eum magnam corporis expedita. Nihil rerum soluta. Quisquam qui quas. Soluta voluptatem deserunt id iusto ex inventore atque. Dolores illo non aut ab velit non temporibus. Dolorem labore sed voluptatum magnam quidem qui. Enim deserunt dolore. Eaque consequuntur vitae autem. Inventore consequatur temporibus omnis in ab. Et ipsam et.',730934,67.66,211),(251,'Beetroot','Est nemo ullam. Voluptas consequatur sed aliquid eos asperiores. Enim rem nostrum libero sit atque rerum. Beatae est odit quia sit repellat corrupti. Ab est vel quam. Voluptatibus dolor quisquam. Id laborum pariatur iste beatae. Odit sit reprehenderit in. Fugit quia deserunt eos mollitia impedit quisquam illum. Quod eveniet reprehenderit autem amet soluta. In quam est ut fugiat. Libero expedita et eaque.',733808,6.31,72),(252,'Red Wine','Adipisci et consequatur tempora debitis recusandae deleniti. Nostrum voluptatem odio qui voluptas laborum. Placeat molestiae eum aut voluptatibus. Fuga quis id quidem rerum. Harum quia autem qui nisi ab consectetur ipsa. Debitis quia qui id aspernatur. Commodi et magni cupiditate voluptatem laborum veritatis officia. Facere facere aperiam. Qui totam at deserunt ut. Reiciendis impedit cumque qui tenetur reprehenderit. Sequi facere non ad a.',646743,24.00,74),(253,'Guava','Repellendus non qui quo labore nihil. Quia placeat sed. Quae consequatur doloribus natus vitae voluptates. Nobis illo distinctio. Veritatis et qui corrupti quis. Nemo dicta cum est aspernatur qui omnis eos. Est eius odio. Facere qui incidunt. Quia necessitatibus voluptatibus doloremque unde. Non dignissimos et accusamus. Repellendus ipsum perspiciatis earum. Reprehenderit fugiat dolor.',634520,5.15,146),(254,'Choy Sum','Deserunt delectus voluptatum quae. Quis qui quidem similique sint laborum odit vitae. Praesentium veniam illum corporis. Repellendus reprehenderit eaque fuga harum eveniet natus earum. Explicabo nostrum sint ab nobis autem amet temporibus. Laboriosam debitis ipsam. Rem optio accusamus eos sunt quia dolores nulla. Repellat modi commodi. Sed sit voluptas ducimus aperiam occaecati est. Maiores cumque laboriosam et consectetur sed. Sunt reprehenderit sapiente amet nihil facere nihil. At quos totam itaque quis nulla harum.',972606,62.30,147),(255,'Parmesan Cheese','Nemo placeat consequatur et. Nobis similique nulla adipisci et ad minus et. Eos ut ea quas sed aut. Voluptates iusto ipsam ut aliquid quaerat veniam. Quisquam cumque voluptas odio minima est omnis qui. Voluptas veritatis nesciunt. In est est quae quod et ducimus pariatur. Et et qui praesentium commodi. Rem earum et. Facilis in debitis. Blanditiis amet quia tempora neque et quia a.',313239,42.83,288),(256,'Bay Leaves','Autem ut adipisci. Qui ut laudantium accusantium corporis in. Id laboriosam delectus animi quaerat quisquam quae mollitia. Et iste nisi voluptatem a dolorem in illum. Odio quam non. Consequatur et qui veniam. Ut soluta qui fugiat modi. Rerum est sapiente perferendis dolores est dolor id. Omnis impedit quas sint. Excepturi accusantium adipisci nihil similique est. Ad sunt distinctio nam illum sit.',443239,26.47,281),(257,'Tea Oil','Inventore ad labore provident. Laudantium accusamus laboriosam. Ullam perferendis nihil. Commodi harum vel optio velit ea fuga. Explicabo ea ea omnis. Eos dolorum ut. Unde ipsum voluptatum sed commodi velit cumque. Rem magnam iure est consequatur sequi ut dicta. Quae earum quis nemo rerum magnam impedit repudiandae. Vel minima excepturi corporis. Atque labore atque nisi.',507489,24.52,180),(258,'Cauliflower','At architecto minus vitae inventore a dolores. Et a quia ipsa voluptatem accusantium. Beatae earum quisquam autem. Quo labore voluptatem vero exercitationem perferendis et. Perspiciatis est sit vitae. Ratione ad et molestiae. Dolorem praesentium et. Architecto temporibus vel occaecati. Sunt blanditiis voluptates animi. Libero est animi illum hic quod. Voluptatem a sit accusantium.',854469,13.59,48),(259,'Cream','Quam enim non. Voluptatem et nihil consequatur consectetur quis et omnis. Veritatis harum et. Est deleniti accusamus ratione. Dolores dignissimos a. Quae omnis voluptatem qui. Est facilis aliquid eum. Adipisci harum sed neque qui eligendi omnis voluptatibus. Error eos vel. Quasi labore eum ut reprehenderit mollitia itaque nesciunt.',759845,8.01,46),(260,'Mozzarella','Animi provident non autem adipisci quod sunt tempore. Autem distinctio sapiente eius enim iure sint. Aut ut voluptatum harum eos ipsum et ea. Dolorem est unde voluptatem asperiores autem deserunt soluta. Suscipit soluta est vitae dolor at. Eius laborum sed laborum. Temporibus qui iusto. Eum voluptatem totam qui cumque illo dolor. Quia est voluptas corrupti deserunt harum rem. Voluptas dolores porro itaque molestiae. A corrupti nemo ut accusantium reiciendis similique delectus.',580307,51.45,81),(261,'Kumera','Atque exercitationem quidem. Voluptas animi et eaque ut qui numquam reiciendis. Sunt laborum blanditiis. Et suscipit sint magni accusamus qui repellat. Tempore delectus et nemo corrupti. Id ipsam harum consequatur tempore velit repudiandae. Consequatur earum et necessitatibus id dolor ut et. Vero id quae. Dolores maxime ex libero. Excepturi dignissimos atque praesentium quia animi. Enim nostrum voluptas et veniam hic voluptas aliquam.',457394,64.53,258),(262,'Coconut','Voluptates modi quo perferendis est quisquam quia consequuntur. Nulla consequatur sed et non inventore ipsum. Voluptates voluptatibus non temporibus sit. Quae qui unde quisquam dolorem. At eos eum aliquid soluta animi magni. Minima nemo architecto velit. Quos ea tenetur nihil autem dolor aut. Tempora suscipit sunt et molestiae esse aut. Eum voluptate eum qui id et sed ipsum. Consequuntur repudiandae doloribus soluta. Qui qui quod consequatur blanditiis. Aliquid ad molestiae ea recusandae.',107612,35.30,328),(263,'Coriander Seed','Repellat optio praesentium rerum quam corporis blanditiis voluptas. Quos praesentium dolorem. Sed consectetur ea fugit sit ullam perspiciatis. Natus ipsum ea eum eos totam. Odit nisi aut esse eum occaecati eum. Fugiat fugit qui vel ratione in aut. Illo cupiditate fugit nostrum et et id ut. Ducimus voluptate mollitia ut omnis et eligendi voluptatem. Fugiat voluptatem error voluptatum omnis. Repudiandae aspernatur est quia quod sed est molestias. Omnis adipisci consequatur ad excepturi rerum esse provident.',445249,57.73,151),(264,'Tamari','Sint ea quas ut iusto minus maiores. Ut saepe facilis ducimus. Accusamus tempore maxime illum doloremque in in. Accusantium provident quidem quaerat voluptatem officiis ut. Provident expedita est assumenda. Et est molestiae est aut. Harum mollitia placeat provident illum. Qui asperiores et. Fugiat et harum et odio aliquid est voluptas. Ut delectus itaque deleniti itaque. Eveniet quis veritatis. Voluptates minima nihil voluptatum molestiae aperiam mollitia asperiores.',130060,82.70,117),(265,'Adzuki Beans','Ipsam error officiis et voluptates officia ipsum. Velit id impedit veniam. Quia numquam quaerat. Earum voluptate quis mollitia qui. Quam et molestias possimus modi sit. Temporibus aperiam dolor consectetur. In esse non commodi soluta. Incidunt non debitis. Soluta in quae officia nihil aut. Voluptates dolore voluptate ut molestiae sit quae est. Fugiat totam aut nulla maiores aut aut ea. Ut consequatur nisi ea dolor aut harum laudantium.',352409,37.94,123),(266,'Celery','Aliquid vitae non sint voluptatem molestiae sit est. Corporis id sed. Provident quia blanditiis dolores perspiciatis voluptates. Dolorem qui quia. Earum deserunt quia. Porro assumenda aut ea. Aut aut maxime. Cumque porro dolores optio laboriosam velit. Voluptatibus excepturi cum omnis. Ut ullam dolor dolorem sed cum. Consectetur omnis id voluptas sint non sed sunt. Sit alias est officia.',824459,50.53,260),(267,'Beef','Ipsam qui occaecati minima voluptatem in pariatur. Dolorem aut accusantium doloribus totam ut. Enim sapiente dolor quasi quae. Dignissimos qui et iste. Ut quidem debitis aut. Deleniti praesentium nulla suscipit beatae accusantium voluptas. Aut pariatur reiciendis blanditiis atque sed corrupti ad. Occaecati possimus perspiciatis. Illum et labore repudiandae est voluptate veritatis quia. Natus libero nihil assumenda nisi. Earum consequuntur necessitatibus vel iste adipisci facere reprehenderit.',494182,41.98,212),(268,'Oyster Sauce','Accusantium ad ea optio impedit quia eum. Deserunt quae id facilis voluptates accusantium. Doloribus sunt assumenda sed fuga ipsam libero eaque. Laudantium corrupti dicta hic voluptas. Et minus voluptatem culpa ipsum nobis cum quasi. Excepturi ea vero. Qui qui quisquam. Quod amet est dolores veritatis. Sit beatae sunt praesentium fugit consequatur provident. Quidem quia dolores dolorem repudiandae.',863151,49.19,274),(269,'Oranges','Laudantium et deserunt reiciendis. Ipsa dolores dolorem. Rerum non et consequuntur commodi. Quo nostrum earum. Quasi laborum pariatur quaerat nam perferendis officia assumenda. Qui dignissimos sapiente incidunt. Quasi et nostrum voluptatem dolorem. Nostrum fugit beatae illo porro ut corrupti asperiores. Voluptates dolorum odit aperiam omnis sit ea non. Quibusdam iure exercitationem fugiat est magnam quam.',726134,24.66,13),(270,'Brown Rice Vinegar','Et numquam et ipsum quia perspiciatis dolores. Illo necessitatibus nemo. Quo id debitis natus dolorem dolores nesciunt. Doloribus qui laboriosam magni qui eos. Est inventore enim non quia aperiam. Sit quaerat commodi sed incidunt. Eaque dignissimos eum veritatis dolor voluptas qui. Reprehenderit laborum non quidem modi et. Nesciunt rerum pariatur fugit voluptatibus. Autem aut necessitatibus architecto placeat qui veritatis qui. Repellendus consectetur et quia et necessitatibus. Quisquam est eos et.',402623,15.97,304),(271,'Figs','Nam veritatis dolorem qui. Consequatur dolorem explicabo facilis. Fugit aspernatur placeat harum qui similique. A placeat a incidunt recusandae. Aperiam minima facere ipsum non quaerat. Sint odio maxime et dolorem qui repellendus autem. Eum maiores nesciunt ipsum. Sunt impedit officia quia et repellendus aut voluptate. Enim ab ducimus adipisci omnis voluptatum eaque omnis. Beatae ea ipsum nostrum. Facilis omnis maiores laudantium. Provident praesentium ab nisi amet aut.',942969,71.88,52),(272,'Mangosteens','Libero est molestias fuga enim qui pariatur suscipit. Omnis omnis dolor amet vitae vero. Rerum non et. Vitae dolore id dolorem minus necessitatibus. Magni nostrum id et quia nihil rem et. Pariatur facere nihil. Rerum fugiat ducimus nesciunt quisquam maxime. Quo sint quibusdam veniam. Eum natus et nobis non repudiandae assumenda. Assumenda ut fugiat quia quisquam eos vel est. In perspiciatis dolores et magni.',332709,78.86,51),(273,'Garam Masala','Non ipsam et vero qui illo autem temporibus. Hic quia sit. Quo id enim voluptas iusto vero expedita. Nemo labore dolorem temporibus quo. Voluptate facere qui. Debitis repudiandae id aperiam aut magnam vel maxime. Pariatur inventore ex pariatur vero quas delectus. Non unde doloribus autem. Cum ea qui quasi eum. Est et labore non eum rerum aut maiores. Rerum mollitia quaerat dolorem sunt qui.',995417,12.10,92),(274,'Chilli Pepper','Ea id maxime similique. Dolores quibusdam qui. Quia dolores ut quaerat explicabo accusamus. Voluptatibus ut corrupti nemo est. Ad aut magnam ea. Consectetur et mollitia. Temporibus id autem assumenda dignissimos consequatur accusamus autem. Voluptatibus et exercitationem perspiciatis reprehenderit esse. Officiis quo repudiandae sapiente facere. Sint quia placeat dolor eligendi voluptate in provident.',543436,77.45,300),(275,'William Pear','Nam commodi et commodi. Quia nemo nihil delectus ut qui est sunt. Voluptas dolore consectetur magnam ipsa et. Sit tempora minus fugit. Pariatur aliquid culpa. Similique assumenda quidem dolorum. Similique voluptas et consectetur ratione eligendi dignissimos sit. Corrupti voluptas odio consequatur quod commodi. Ut asperiores blanditiis. Aliquid eum quia laudantium quas accusantium. Modi ut aut. Placeat corrupti vel repellat sed.',621964,72.26,153),(276,'Milk','Optio cum reiciendis aliquid velit. Neque est quam quo culpa illo dolorem nemo. Aut quam optio nesciunt sit quae officiis impedit. Mollitia ea et. Ut ducimus earum ratione alias eius et. Incidunt numquam dignissimos id minima aut. Qui omnis molestiae consectetur eum illo corporis. Voluptatem suscipit natus sit ut consequatur. Et corporis qui facere praesentium nulla voluptatibus eos. Sunt sit sequi animi ut iure ut. Qui nihil aspernatur omnis ut tenetur necessitatibus ut. Quia voluptas eum assumenda distinctio sit eum quia.',711272,87.07,210),(277,'Lavender Flowers','Est sed qui fugit sint consequatur. Sed ut assumenda iure dolor sint et. Ad dolores quo sed. Reprehenderit dolorem numquam et odio. Reprehenderit delectus autem repellat quasi laborum. Minima consequatur eos debitis voluptatem. Et dolorum commodi voluptas deleniti blanditiis veritatis. Consectetur cupiditate voluptate similique dignissimos omnis asperiores. Deserunt voluptatem similique. Laboriosam cupiditate assumenda reprehenderit. Modi animi est accusantium. Omnis qui nobis modi nemo aliquid eos et.',230272,65.32,231),(278,'Walnut','Non aut eum rerum rerum minima repudiandae. Ullam consequatur officiis quo eius quo animi porro. Architecto non consectetur animi nulla amet reiciendis qui. Quis ut sunt laudantium omnis vel ab. Necessitatibus quisquam eum totam eligendi iste aut. Excepturi ipsum qui rerum eveniet quia modi sed. Quam quasi omnis nam eaque. Beatae quam accusantium aut. Ipsa velit alias delectus harum id. Veniam ullam sint. Qui eum doloribus a autem voluptatibus. Dolor voluptatem et non beatae quidem quo blanditiis.',996948,33.31,163),(279,'Common Cultivated Mushrooms','Nesciunt nemo dolor quisquam blanditiis rerum earum. Quibusdam corrupti tempora. Cum dolorum voluptas qui. Sit eligendi hic voluptatem voluptas ipsa temporibus est. Aut occaecati laboriosam libero voluptas est dolores voluptatem. Sed autem magni. Minima necessitatibus rerum dolor rerum. Molestias et perspiciatis nisi quo eius. Suscipit sit rerum ratione fuga qui. Aut dolor accusantium incidunt aut non accusamus qui. Cupiditate voluptas unde. Quam quasi error.',724331,84.24,111),(280,'Tangelo','Tempora qui in culpa impedit quia non. Voluptatem vel eius et nam. Perspiciatis tempore similique aspernatur voluptas. Cupiditate dolorum officia explicabo voluptas ut quia. Temporibus eum illum voluptatum voluptatem. Mollitia earum consectetur molestiae. Sed facilis doloremque sed. A vero et aliquid accusamus voluptatem. Esse ipsa sed non voluptas. Minima eos qui minus qui quis tempore. Placeat reprehenderit mollitia rerum.',870986,80.11,61),(281,'Fennel Seeds','Suscipit quas voluptas quis similique. Veniam maiores quos labore quo. Qui reprehenderit officiis fugit. Est rerum est suscipit non quo. Dicta vitae asperiores hic iste nostrum quos. Soluta aut repellendus velit sed. Et ex libero corporis consequatur. In totam atque qui. Qui neque aut neque voluptatem autem. Sint doloremque ea necessitatibus.',409419,1.46,319),(282,'Marigold','Id provident deserunt ipsam. Sint aspernatur magnam ex sint. Eveniet temporibus dolor iste delectus quos. Debitis distinctio commodi. Voluptates voluptatem dignissimos quis. Aliquid iure natus saepe at sequi inventore deleniti. Sapiente maxime quo quo vitae dolore. Quo sed rerum reiciendis qui pariatur voluptas molestiae. Aspernatur culpa consequatur. Deleniti id non ratione exercitationem minus sint quae.',145013,44.68,340),(283,'Tabasco','Sint ex esse odit debitis nobis sapiente. Qui quibusdam ut. Voluptatum est eius ad est quidem qui. Ea numquam dolorum. Eligendi excepturi rerum dolores laudantium molestias sit. Voluptatibus voluptatem sed ad. Et sunt provident voluptas dolores. Id labore eveniet et. Sed dolor minus. Est ut aut iure sed nam sequi. Velit vero qui rerum sed ratione aut eius.',109318,32.63,25),(284,'Sour Dough Bread','Consequatur recusandae tempore quaerat eaque blanditiis. Asperiores atque ipsam enim quo quibusdam molestiae. Est aut dolore inventore recusandae sapiente. Omnis velit et ex corrupti velit. Sunt cupiditate veritatis vitae culpa minus accusantium voluptatem. Ut fugit ad facilis. Est officiis eos nobis. Suscipit sit ratione numquam quis. Assumenda assumenda qui est. Soluta laborum ea. Voluptatem numquam deleniti sed numquam nesciunt eveniet.',615805,23.01,164),(285,'Kumera','Quia aliquam ut facilis ducimus. Consequatur aliquid cum quibusdam placeat optio rerum. Recusandae vero assumenda eveniet voluptate quod aut. Dolorem quae est odio earum. Temporibus laboriosam in ullam ab magni qui voluptatibus. Et ratione temporibus autem commodi. Quos rerum dolores magni illo. Tempora ducimus ut. Perferendis ad nam amet. Et qui inventore consequuntur.',985917,36.38,27),(286,'Avocado Oil','Aspernatur quis unde nulla esse consectetur. Quis et necessitatibus sit. Odio velit ipsum numquam tempore reiciendis quia iste. Dolorem et fuga ea asperiores. Aut molestiae fugit nobis soluta sed. Nobis quo qui saepe quia. Numquam repudiandae dolores a ut minima aut quia. Sint est qui odit qui qui ea. Explicabo quae ut quam officia. Animi fugiat sunt similique sunt repudiandae.',305836,71.09,346),(287,'Extra Virgin Olive Oil','Quo autem non asperiores veniam. Culpa et id voluptatem et velit. Aut aperiam quia recusandae. Similique laudantium dolorum ut. Aut inventore sed. Doloremque quasi dolorum sed. Cum temporibus rerum ut nihil quam non. Quos eius veritatis unde perspiciatis itaque deleniti. Consequatur aliquid et quos animi. Qui sunt atque eum aut.',281931,16.03,220),(288,'Jewfish','Neque sunt ad. Magnam cum accusamus assumenda. Sit non quod et non eos facilis. Est dolorum delectus sunt autem. Iste ut officia ut consequuntur impedit suscipit. Eveniet dolorem doloribus voluptatem est voluptas expedita ut. Cupiditate impedit inventore illo soluta esse sint rerum. Tempora qui nostrum laborum dolore itaque veritatis error. Accusamus consequuntur laboriosam voluptas culpa et et. Esse totam qui.',593918,34.46,57),(289,'Maple Syrup','Qui id dolore nesciunt aut consequatur similique natus. Sint magni quae ab dolor dolores. Non doloribus enim omnis. Aut nemo accusantium commodi molestias mollitia illo. Enim distinctio iure quidem. Omnis enim sed sed quas voluptates accusantium. Omnis quod nemo quis facilis consequuntur nisi nulla. Nemo numquam illo cum mollitia illo provident corporis. Voluptatibus et aut facilis esse odio. Alias consectetur qui illum. Quis necessitatibus culpa aut quasi. Voluptatem voluptates sequi necessitatibus exercitationem.',751869,15.46,327),(290,'Radish','Voluptas et iure voluptas quisquam dolore. Delectus quia blanditiis quae. Rerum corrupti ut mollitia ullam quod. Quo sed ipsa asperiores explicabo. Numquam nobis sint culpa. Tenetur dolorem ut iste esse molestiae. Vitae sed cumque non voluptas quibusdam qui voluptates. Omnis tenetur blanditiis. Delectus expedita et totam ex. Omnis sequi inventore minus laudantium officiis.',913029,63.57,36),(291,'Rye','Delectus placeat ut vel unde non ea pariatur. Id non qui molestias veritatis neque temporibus aut. Cumque quae tenetur aut nobis provident veniam quo. Consequatur aut tempora in nesciunt ut ut. Numquam et aspernatur occaecati fugit culpa. Qui ea cupiditate nemo veniam commodi praesentium. Dolores soluta quibusdam aut id. Qui doloremque quaerat ipsum aut. Esse ut temporibus. Quia assumenda iusto beatae nesciunt. Totam ipsam impedit excepturi soluta placeat.',415056,15.59,255),(292,'Kudzu','Aperiam velit doloremque autem possimus quaerat. Exercitationem at aspernatur commodi aut sed. Quae sit est ullam qui aperiam cum ducimus. Fuga ut aperiam. Qui non delectus non ab sit. Quis aut iusto ut ipsam culpa dignissimos neque. Voluptatem iure quas voluptas perferendis eum ipsam et. Molestiae voluptatem et in dolores dolorem asperiores. Saepe provident sint sit voluptatem aperiam. Quia unde numquam ipsum ea illum consequuntur voluptatem. Aspernatur tenetur et placeat tempore consequatur ut et.',124066,29.61,94),(293,'Soy Flour','Magnam labore sapiente placeat et voluptates cumque. Quasi nihil sed iure. Facere sed nulla perspiciatis incidunt dolor veniam. Fugit illo est. Non ea temporibus assumenda unde soluta. Exercitationem architecto distinctio est. Sit eveniet et rerum expedita. Natus voluptas consequatur incidunt. Nam ratione soluta aut omnis mollitia. Ratione aliquam aut et ipsum quia eaque placeat.',570406,60.29,54),(294,'Pecorino','Sed est odio ratione nobis. Fugiat corporis quaerat qui expedita saepe natus ipsum. Tempore explicabo aliquam dolor soluta. Suscipit velit aut possimus optio voluptatum et. Quidem consequatur consequatur rem sequi et molestiae dolor. Pariatur ipsum ea culpa. Exercitationem esse aliquid. Distinctio placeat qui dicta veniam autem delectus. Harum pariatur porro et nam at vel. Ex suscipit id reiciendis. Veritatis voluptatem eos necessitatibus facere sit iusto.',123526,25.91,337),(295,'Asian Greens','Ea id temporibus molestias et et modi autem. Omnis eaque alias similique molestias eum tempora in. Quod nisi voluptatem suscipit debitis. Molestiae facilis corrupti explicabo aut laborum et nihil. Aut dolor veritatis beatae beatae maiores illum id. Ex eveniet et quia esse odit. Officiis et dolorum et. Saepe doloribus doloremque. Non dolores dolorem est inventore debitis. Aliquid et aut numquam laboriosam. Sunt est aut id eos culpa et.',511734,4.67,94),(296,'Brown Mushrooms','Aspernatur asperiores incidunt aliquam consequatur. Enim occaecati voluptates placeat fuga perspiciatis omnis recusandae. Fugit expedita voluptate consequuntur sed quia qui a. Nam dolor dolores neque commodi. Et eos nulla amet. Assumenda tempore dolores consequatur. Rerum facilis autem. Et omnis odit aut. Quo error id est ut exercitationem. Minima et ut omnis explicabo.',667892,84.82,161),(297,'Camellia Tea Oil','Molestiae assumenda voluptatem deleniti reprehenderit quis. Qui quia quam. Voluptatibus voluptas eos accusantium rerum recusandae. Quam pariatur maxime quo totam praesentium blanditiis. Incidunt ut dignissimos error non vitae. Vel rerum eum enim. Iusto tempore expedita laboriosam explicabo iste eos. Numquam deserunt repellat nostrum rerum sed ullam. Architecto voluptatem inventore sit sit labore qui. Non exercitationem odit quasi doloribus non. Ea quia est magnam quis totam alias.',544519,61.86,160),(298,'Juniper Berries','Non quos corrupti aut aut accusantium pariatur rerum. Sed provident et in consequatur adipisci consequatur. Ab dolores dicta iste officiis eveniet. Qui dolores omnis sed harum facilis soluta iure. Qui voluptatibus eius dolor est. Quo vero numquam ut et cumque dolorem ut. Eum ea est quidem consequuntur. Quibusdam sed accusantium sunt. Dolorum natus molestiae aspernatur beatae quidem. Quia et quia et est nobis. Quo rerum nam.',625336,32.53,311),(299,'Walnut','Quis hic est. Aperiam pariatur quia tenetur vel minus enim porro. Non aut veniam placeat dignissimos enim. In eos minus enim et vel. Aspernatur doloremque veritatis laboriosam nulla. Voluptate velit repudiandae enim reiciendis qui incidunt. Eos quis quaerat quidem non qui vel. Sunt quis perferendis. Error reiciendis ab harum odio recusandae non. Et asperiores ut et vel qui explicabo est.',110902,65.95,357),(300,'Mace','Mollitia aperiam et minus quos. Nostrum suscipit rerum similique reprehenderit. Saepe aut dolorem molestias assumenda facere. Suscipit consectetur non saepe. Adipisci temporibus necessitatibus. Sequi saepe beatae. Consequatur dolorem nobis repellat esse fuga. Dolor quod id ipsa vel. Illo voluptatem nihil. Eos fugiat debitis illum cumque. Consequatur non eaque eveniet. Natus distinctio tenetur quod cum provident.',145160,52.62,133),(301,'Ricemilk','Ea assumenda facere quo. Numquam ad sint provident velit consequuntur. Maiores qui ea deleniti et nisi corporis officiis. Est voluptatem velit magni ab nisi. Et mollitia soluta cupiditate inventore exercitationem repellat et. Quo officia qui dolorem voluptatum corporis. Omnis quidem quaerat reprehenderit sunt consequuntur eum enim. Porro omnis laudantium facere repellendus aspernatur consequatur quae. Quo aperiam doloribus maxime optio quis. Minima ad tempore sequi dolor ut voluptatibus qui. Ut nostrum repellendus ex nemo sed nihil. Vero consequatur placeat ut.',709413,23.67,298),(302,'Camembert','Dignissimos dolor tempore aut placeat occaecati neque. Aut amet maiores et atque ut aut nihil. Et eveniet vel doloremque alias. Cumque perferendis omnis animi placeat dolor. Quia recusandae sed sunt. Qui dolor doloribus dicta dolor. Sint occaecati aspernatur. Quis fugiat id voluptatem. Magnam atque sit. Officia voluptatem est et voluptas enim nostrum iusto. Molestias repellat eos consequatur.',725474,63.31,16),(303,'Rice Flour','Incidunt voluptate voluptas. Omnis placeat consectetur voluptates impedit occaecati natus fugit. Similique distinctio expedita. Est qui nam sed excepturi dolores sunt numquam. Sunt aspernatur omnis nihil nemo incidunt et corporis. Et id vitae doloribus. Et dolor repellendus. Error reprehenderit consectetur. Id autem sed et esse unde et asperiores. Ab aut excepturi unde impedit qui. Explicabo fugit sunt doloribus et unde veritatis.',860928,53.88,245),(304,'Sugar','Magnam velit accusantium ut tempore accusantium molestias quidem. Ex exercitationem atque beatae sed sit nisi. Mollitia delectus soluta impedit animi ipsum eligendi. Similique nam sed ratione. Recusandae laudantium nihil et quaerat vel quibusdam. Rerum consequatur deserunt officiis nostrum temporibus. Aut eveniet incidunt minus placeat quasi repellendus alias. Aspernatur quia nisi aut minus. Quisquam dolorum quasi ut sint. Voluptas cumque nihil non quam quis nulla. Ratione ullam modi unde repellendus repellendus.',763618,83.24,106),(305,'Rice Syrup','Eius dolorum ut expedita odit. Enim voluptatem tempore repellendus aliquid eum fuga. Quidem sunt tenetur. Est velit explicabo. Sit consequatur quidem molestiae aut sapiente blanditiis temporibus. Sit fugiat tempore asperiores numquam porro. Consequuntur dolores pariatur debitis explicabo maxime debitis. Sit non qui enim et reiciendis sint consequatur. Quis qui ea explicabo magni et amet qui. Sed in et facilis sit velit error. Sed dolorem minus.',159982,36.72,143),(306,'Tom Yum','Autem corrupti voluptatem aut. Sint omnis non officiis fugiat voluptates voluptates illum. Omnis eaque qui porro est quia doloremque. Non odio exercitationem repudiandae id nihil harum. Dolores commodi sit quia ipsa. Ullam rerum tempore. At sunt quo. Quaerat omnis nihil qui. Velit quis vel voluptatem odio architecto corrupti est. Sed perspiciatis officiis. Sunt dolorem omnis eos quia iure. Sit eos non et qui voluptatibus molestiae aut.',625453,45.39,33),(307,'Crabs','Soluta quis aspernatur molestiae iste. Deleniti est aperiam expedita et cumque. Eos quas repudiandae et incidunt quia. Incidunt expedita doloribus debitis. Accusantium iusto veritatis. Accusantium aut vel inventore asperiores aliquid. Est nam voluptas odio. Nisi recusandae dolorum possimus. Beatae repellat omnis est quidem. Culpa error numquam expedita. Necessitatibus ut minus. Est eum autem nihil eum qui.',672176,40.54,82),(308,'Vanilla Beans','Omnis et consequatur vero laudantium perferendis voluptatum. Dignissimos repudiandae culpa voluptatem fugit. Nemo animi aperiam molestiae aperiam et. Dolores harum odit porro tempora numquam corporis ut. Possimus voluptate nihil nostrum eaque porro qui est. Autem ea voluptas animi eius quam reprehenderit ea. Porro dicta quaerat in deleniti veritatis. Asperiores vel inventore accusantium laborum praesentium pariatur doloremque. Ea voluptas aspernatur nihil eaque et doloremque. Est suscipit ad tenetur. Consequatur iure atque amet voluptas nesciunt soluta dolores. Et officiis fuga incidunt.',509021,83.28,307),(309,'Figs','Et voluptatem quod est est. Corporis enim assumenda voluptates praesentium. Aut blanditiis est. Est itaque atque aliquid expedita eius provident distinctio. Quibusdam sit excepturi est eum ab dolor modi. Vel id corrupti veritatis dolorum ab est sequi. Sunt minus tempore. Aut ex necessitatibus vitae corrupti consequuntur magnam delectus. Et est officia est. Praesentium deleniti iure. Praesentium sit autem non nostrum laboriosam ullam.',652287,18.99,213),(310,'Tapioca','Tenetur quaerat repudiandae sequi consequuntur reprehenderit asperiores. Consequatur voluptatem impedit occaecati consequatur adipisci ex. Ipsa enim suscipit qui. Reprehenderit sit quis et numquam sed ut enim. Aut nihil maiores id ipsam. Consequatur et fuga eius incidunt libero officiis dolores. Eveniet voluptatibus voluptatibus occaecati ut facere corporis. Harum sapiente cupiditate aperiam voluptates. Et magni enim excepturi aspernatur aut atque deserunt. Earum laboriosam consequuntur qui.',675919,49.05,139),(311,'Pecan Nut','Et rerum qui ut. Magni quibusdam aut eveniet. Illo et in est et vitae facere. Maxime deserunt ut. Ratione enim deleniti vel velit. Hic velit aut deleniti. Sint rerum facilis voluptatibus enim natus illo quis. In aliquam iste quis esse. Beatae voluptatem voluptatem et. Dolorem voluptatem quia inventore. Est provident laboriosam facere consequuntur earum assumenda placeat. Nemo voluptate ut.',207349,60.40,50),(312,'Tapioca Flour','Sed aut possimus dolorem nostrum omnis. Assumenda excepturi ut voluptatem. Vitae facere sed nihil. Dolor magni itaque omnis voluptatem corrupti excepturi in. Repellendus aut vel veniam porro ipsum. Voluptatum nulla ipsa voluptas aut. Quia commodi in nulla. Voluptas rerum voluptatem aspernatur aut veniam quo. Qui consequatur repudiandae molestias quia vero maxime officia. Facere similique exercitationem. Dolores et sequi dolorem quibusdam. Ipsam assumenda nihil.',370312,24.32,178),(313,'Canola Oil','Tempore est consequuntur labore alias eius. Molestias impedit quo est repudiandae neque maiores est. Possimus est et. Illo aut ab maxime qui. Itaque velit sed esse. Et consequuntur quo quis et doloribus. Molestiae officiis facilis sunt voluptas minus non. Fugiat aliquam laboriosam in sapiente ut. Nobis animi doloremque quo. Eligendi sed rerum. Qui ratione ut. Sed quod esse nulla.',150309,74.19,22),(314,'Bay Leaves','Corrupti quos similique totam ipsam et. Quas et odit exercitationem tempora veniam et. Soluta tempora aut in consequatur. Aut temporibus voluptatum fugit placeat eos aut facere. Illum aut alias. Ex voluptates aut ipsa amet harum minus voluptate. Est nam labore natus dolorem fuga. Aspernatur dolorem eos sint fugiat ducimus ad. Harum a illum possimus vitae. Id harum voluptates id veritatis.',988441,55.29,278),(315,'Semolina','Eos quo dolor excepturi perspiciatis deleniti quam iusto. Quia mollitia et eos alias. Culpa aliquam quam. Quia natus aut pariatur dolorem. Voluptatibus adipisci ut voluptas quod. Sit voluptatem est. Quisquam id qui pariatur voluptas ex. Vero reprehenderit iure. At quia autem. Temporibus voluptas sunt ut. Porro molestias voluptas nostrum inventore ad.',166994,12.10,253),(316,'Beetroot','Eius consequatur sed earum. Quaerat quia modi laboriosam error et. Saepe alias saepe. Adipisci suscipit vel ut animi odit. Id nam doloremque voluptatem. Laboriosam laborum vel sint eos neque cumque in. In natus harum neque occaecati. Iure laudantium et dolor. Dolor aut corrupti. Vel doloribus alias saepe consequatur non dolores labore.',579770,42.07,69),(317,'Enoki Mushrooms','Aut maxime nihil maxime. Ipsum aut delectus. Assumenda nemo voluptatem necessitatibus et. Dolorem expedita nihil non sunt. Sapiente recusandae ut doloremque beatae beatae. Ea reiciendis nihil consequatur harum harum dolor. Ea ut ea ullam ratione illum. Ducimus qui qui deleniti porro voluptate sed delectus. Sit provident iure occaecati minima consequatur commodi. Officia vitae rerum aperiam qui fugiat omnis quia. Ab velit ut eveniet quaerat eius distinctio.',994077,61.69,289),(318,'Buckwheat Noodles','Tenetur autem quae labore rem soluta iste. Quis explicabo ex consequuntur ex suscipit quo rem. Quisquam laboriosam incidunt sit. Minus dignissimos sequi consequatur nam voluptatem debitis eum. Dolorem voluptates quo dolorum hic. Alias sint facilis est ducimus voluptatem. Placeat odio magnam. Modi voluptatibus nam qui hic sunt qui. Distinctio at et esse eos perspiciatis asperiores. Ullam nostrum quo voluptate aspernatur.',792074,1.68,163),(319,'Lentils','Voluptate hic assumenda. Sed et sit et laudantium. Nam alias sit. Corporis quia quod ducimus. Error ut ducimus sit corporis quod provident. Fugit tempora quidem quia aut dolorem ut aut. Porro numquam quia aliquam. Sed qui nobis ut nostrum ex. Totam deserunt tempora. Ut sint quo quis nobis et et.',209802,18.20,298),(320,'Papaya','Deserunt modi eum illum commodi. Ducimus nihil maxime accusamus et vitae in ex. Reiciendis voluptas qui qui velit ipsam. Nesciunt neque accusamus ratione explicabo praesentium. Eaque natus quos. Sed voluptatem dolor repellendus voluptates cupiditate dolorem. Debitis unde aut similique ut dolor. Quis harum ut. Cupiditate soluta ad earum dolorem exercitationem autem vel. Tenetur voluptatem corporis. Corporis dolorum autem dolor quo quos odit aliquam.',248904,25.19,281),(321,'Watermelon','Voluptatem maxime voluptate nihil optio hic soluta. Eius aut corporis. Sed voluptatibus aliquam eveniet deleniti ab ab. Aliquid exercitationem maxime tenetur omnis. Veniam amet ab officiis magnam. Dolor sint molestias sed molestiae nisi qui suscipit. Et qui voluptates sit. Sequi repudiandae eius. Illo voluptate aliquid voluptatibus. Quo eos modi qui iure.',627836,29.79,150),(322,'Mangosteens','Possimus earum possimus nostrum quam. Adipisci ipsum voluptatem optio tempore assumenda. Eum et est libero velit eum ut est. Eos distinctio excepturi minima. Eius repudiandae repellat voluptates et odio veritatis. Maxime ut magnam placeat possimus velit blanditiis at. Aut qui consequatur voluptatem nihil quia sunt. Velit quaerat beatae perferendis enim exercitationem. Illum atque ex quibusdam quis. Aut aut magni assumenda est sapiente aut. Ea aliquid expedita sapiente aut.',301556,89.11,254),(323,'Red Pepper','Mollitia ullam deserunt maxime rerum minima ipsam. Occaecati dicta architecto quia aut. Earum voluptatem ipsam sit maxime. Unde iusto rerum. Et doloribus quidem et est. Non delectus voluptates et voluptatibus. Suscipit ut ut soluta. Sapiente numquam quo quo culpa eum omnis velit. Error sed molestiae aut alias eos accusantium iusto. Voluptas nisi accusantium ratione qui veritatis. Eligendi sed impedit est et natus soluta.',596405,71.42,102),(324,'Limes','Deserunt qui dolor est nobis est iusto. Sunt id et accusantium rem facilis. Sapiente eveniet laborum alias quos impedit aut. Deleniti enim aut temporibus error quo. Consequatur distinctio mollitia ipsum enim. Amet repellendus animi neque repudiandae. Eum asperiores est ratione neque nostrum dolorum est. Et nesciunt id et. Quasi consequatur quo qui eum vel aut. Consequatur ut repellat. Deserunt totam minima hic rerum. Magni repellendus nam delectus ea eum nostrum quaerat.',757454,41.31,94),(325,'Avocado Spread','Consectetur dolor commodi. Et non sunt. Soluta in voluptate iste incidunt. Est quidem voluptates architecto delectus. Soluta quae asperiores in aut nesciunt. Sed excepturi sint dolorem rerum nihil. Molestias molestiae quos doloremque nemo impedit maiores. Veniam aut exercitationem pariatur quos velit ipsam. Commodi aspernatur consequatur blanditiis aliquam fugiat. Facere sed hic non et aliquid in iure.',896930,82.16,159),(326,'Pecan Nut','Velit corporis vel ea esse. Qui repellat distinctio illum a dolor sit. Dolores modi cumque delectus vel amet recusandae dolorem. Recusandae magnam deleniti laboriosam eaque ea qui totam. Labore earum non quos et tempora. Ex accusamus et quis unde aut praesentium qui. Placeat ut sint aperiam nam eveniet. Voluptatem non voluptatem animi. Sed sed fugit cum aut qui. Enim mollitia et illum deleniti aut doloremque. Et maxime amet reiciendis sapiente. Dolor in qui amet eaque odio.',762842,68.83,148),(327,'Papaya','Qui omnis vero ea non. In asperiores qui natus incidunt. Aut incidunt consequatur. Ut omnis quibusdam eos saepe. Ipsum voluptates aspernatur. Non voluptas et ducimus voluptate eligendi enim consequuntur. Similique harum cumque itaque voluptatibus odit odit. Quis nulla qui. Beatae nesciunt et et reiciendis culpa. Est accusamus dolor. Doloremque laboriosam aut alias temporibus sunt ipsum. Velit hic id suscipit perferendis soluta molestias vel.',930758,47.71,255),(328,'Sunflower Oil','Sint in rem. Veniam aperiam voluptas. Corporis laudantium distinctio in aut omnis. Facilis iusto quas quisquam quia perferendis sit ut. Sed aut impedit error fuga repudiandae ipsa. Amet odit tenetur odio. Est est quas voluptas. Harum voluptatem recusandae laboriosam saepe et reprehenderit labore. Voluptates vitae esse ex quasi. Non debitis qui nobis. Tempore id fuga exercitationem corporis fugit.',652419,62.08,117),(329,'Vegetable Oil','Voluptates accusamus velit. Non possimus quod cum porro at. Iste eius nemo inventore molestias. Ducimus autem et ut est earum totam sed. Dolorem eos nihil voluptate id. Quis fugiat quasi culpa suscipit. Minima eveniet natus autem et molestiae. Asperiores quibusdam optio amet. Cum provident deleniti tenetur accusantium aut. Quia ab ipsam qui.',968457,86.13,164),(330,'Lavender Flowers','Cum qui blanditiis. Consectetur ut qui eaque nihil dolores qui. Perferendis modi eum eos autem et. Rem ipsum optio. Sit nulla laudantium delectus nihil dolor. Quidem possimus illo rerum vel in. Libero fugiat rerum sint officiis. Quaerat voluptas reprehenderit omnis nulla et illum. Odit quod velit tenetur veritatis velit. Porro ipsa earum et quis veritatis asperiores molestiae. Deleniti magnam ipsa impedit ratione ut.',267585,71.01,108),(331,'Aubergine','Maiores quibusdam eum corporis nihil. Laudantium dolores quas autem dolores cumque. Natus dolorem qui sunt voluptatem numquam. Eum veniam molestias aut quibusdam temporibus dignissimos nam. Enim voluptatem qui occaecati corrupti omnis recusandae omnis. Blanditiis ab molestiae tenetur iste recusandae commodi ipsa. Ut vero deserunt itaque quidem culpa. Rerum consequatur deserunt. Doloremque perferendis molestiae et consequatur error. Perspiciatis quisquam tempora.',146480,26.95,42),(332,'Radicchio','Neque quam eius illo in. Ut est consequatur iusto necessitatibus enim. Voluptatem rerum et. Corrupti qui aspernatur ex similique. Nulla voluptatem molestiae nulla. Quia magnam cum adipisci sint velit ut. Quos laudantium qui nulla. Tempora sed voluptatem fugit. Non qui fugiat ut. Tenetur id laboriosam occaecati est minus ut.',911141,66.65,231),(333,'Artichoke','Voluptatem unde temporibus voluptas delectus eum voluptas. Dolorem asperiores occaecati repellat. Vel sunt ipsam enim. Sequi reprehenderit quibusdam itaque nihil explicabo quod. Rerum non esse reprehenderit veritatis. Eos quos ut in officia. Molestias officiis et natus corporis dignissimos minima. Laudantium praesentium non blanditiis voluptate. Nihil molestias in eaque dicta aut. Sit veritatis voluptatem consequatur asperiores ex. Odit omnis recusandae est fugit voluptatum delectus.',812274,13.95,314),(334,'Haricot Beans','Esse totam est sed id officiis. Et nihil officiis quia. Optio est aut similique. Consequatur repellendus ipsa dicta ut unde quidem. Ratione iure est neque voluptates occaecati amet. Voluptatem ratione aut sed cumque et. Numquam ut doloribus. Ut voluptatem a aut. In vel quos quis ut. Velit nulla similique maiores aliquam enim magni autem. Deserunt ut et illo vel modi ex. Illum aut harum aut.',917112,82.01,157),(335,'Vegetable Stock','Fuga voluptate nisi et rem totam laborum ipsa. Quia ut reprehenderit nam. Provident distinctio labore. Mollitia deserunt et exercitationem quasi temporibus. Itaque architecto expedita. Qui unde temporibus et veniam recusandae itaque quae. Id ex perferendis incidunt sed et porro occaecati. Molestias consequuntur est quo sint voluptas illum odio. Voluptates eos nam at adipisci quia molestiae est. Sunt iure enim non aliquid voluptas nobis. Sunt eum minima assumenda vel non corrupti ipsam. Adipisci quo harum aut aut reiciendis.',821393,38.33,193),(336,'Vegetable Stock','Blanditiis est quia voluptatum sint iure. Non culpa excepturi totam rerum id. Est qui molestiae dignissimos. Corrupti sapiente aut rem delectus et. Modi atque nihil velit. Aliquam repellat quibusdam perferendis omnis doloremque dolor. Similique pariatur laudantium reiciendis sit ipsam. Quos rerum incidunt debitis eligendi vitae repudiandae sit. Est quia blanditiis sed. Et vel deserunt. Qui iste iure et voluptates est voluptas id. Quos sit laborum rerum.',605552,39.03,132),(337,'Bran','Corporis maxime facere et velit. Omnis nobis voluptatem quaerat quos error molestiae sit. Voluptatum doloribus possimus amet voluptas. Enim distinctio ipsa. Quisquam et eaque in doloribus. Et velit iure provident eligendi atque voluptate vitae. Aspernatur in dolorem. Sit qui aut sunt. Earum et illum sunt officiis. Quo alias ut perferendis quas.',250540,19.01,71),(338,'Starfruit','Perferendis ut veniam earum. Sunt fugit nisi et officiis consequatur aut. Ex a id nemo. Et aut sequi deleniti sunt consequatur praesentium in. Praesentium dolorem omnis sunt exercitationem vel aperiam. Molestias non rerum fugiat quas consequatur itaque. Eaque ratione tenetur. Beatae velit molestiae odio consectetur. Nobis quae aut. Tempora occaecati quo et eius aliquid.',209454,54.05,309),(339,'Tapioca','Sed laborum sit recusandae aut magni veritatis. Ea possimus ab corrupti voluptas dolorem quis. Voluptas pariatur laborum voluptatem et ipsum quo. Sequi rerum neque aut. Porro nemo qui et fugiat non nihil. Quia expedita suscipit veritatis aut excepturi velit. Porro facere totam incidunt maiores eos repellat eius. Voluptas consequatur quibusdam qui. Maxime ut repellendus alias quis laboriosam autem nostrum. Et nisi sint quia quis odio. Saepe corrupti esse.',461716,62.60,258),(340,'Coconut Water','Laborum perferendis aspernatur eos. Dignissimos et et modi. Maiores aut consequatur aut facere doloribus in impedit. Sed fuga ex et illo. Explicabo est asperiores repudiandae. Hic consequatur cupiditate. Delectus nihil dolores rerum iure repellat fuga nobis. In ducimus quis in aut id nemo. Deleniti iure incidunt porro ipsam est fugit. Quis possimus minima esse eos necessitatibus. Qui vero error in voluptas nam. Consequatur quam quia ut ut tenetur quia voluptas.',118952,19.80,354),(341,'Flounder','In possimus minus molestias. Eveniet odio eius aliquid ducimus. Similique nemo qui minima sint. Et possimus consequatur perspiciatis vel dolores. Neque voluptas ipsam. Placeat officiis provident ea nisi. Eveniet debitis reprehenderit animi quas. Consequatur architecto at. Et nihil quia voluptatem in culpa aut. Voluptas quia qui beatae. Non dolore ea. Repudiandae quam mollitia impedit.',472579,5.00,282),(342,'Cornichons','Et temporibus beatae. Molestiae quibusdam quia cum ipsa eius. Debitis labore consectetur corporis sit voluptatem quis molestiae. Sit nihil et nobis iusto. Saepe deleniti consectetur qui. Dicta fugiat rerum. Omnis sed itaque nihil facilis minus culpa odit. Nam reiciendis ullam corrupti non perferendis in minus. Reprehenderit voluptatum porro iusto. Asperiores atque sit veniam et. Repellendus veniam nesciunt voluptas earum.',810415,72.97,338),(343,'Trout','Repudiandae quo ut. Et minima fuga porro odio. Magni earum autem tenetur et aut. A rerum non repellat quia. Fugit consequatur aspernatur cum deserunt. Repellendus neque at non inventore. Nesciunt voluptatem illo quis explicabo sapiente. Provident quia eaque non velit ut voluptatibus totam. Et labore quidem consequuntur harum aspernatur error. Cum nostrum voluptatem rerum sequi eos est laborum. Quia magni sit veniam neque voluptatem consequatur. Molestias a facere cupiditate.',958996,1.29,126),(344,'Green Tea','Distinctio minima atque. In repellat sed. Autem qui aliquid sunt est labore mollitia sint. Nulla et voluptatibus consequuntur sed animi. Expedita odit voluptas quam quia veritatis. Minima pariatur aperiam. Voluptatem occaecati fugit voluptas dolores. Consequatur qui sit assumenda error voluptatum et omnis. Rerum eum culpa labore nam minus. Et nobis libero. Temporibus eaque tempora.',850264,10.08,321),(345,'Cos Lettuce','Autem debitis nihil. Sunt nihil quibusdam nemo. Eius dolore nulla reiciendis enim et qui. Eum libero dignissimos harum impedit sit ratione perspiciatis. Ut est nam minus esse sunt blanditiis. Sunt vel placeat accusantium consequuntur alias. Voluptate ut et explicabo eveniet amet. Maiores quas reiciendis quasi. Aut tenetur dicta. Et quia ab recusandae amet inventore iusto sequi.',333835,89.69,153),(346,'Chickpea','Molestiae officiis enim adipisci laudantium debitis hic itaque. Exercitationem ut inventore rem velit sit. Autem repellat beatae omnis error. Qui et earum. Libero vero et eveniet laborum sit facere. A quidem voluptate corporis tempore. Sed velit amet pariatur dolore velit maiores quod. Neque non fuga nam animi eligendi aut. Eius quidem sunt. Quo nostrum repudiandae quia. Non corrupti autem.',658862,3.36,151),(347,'Snowpeas','Libero eius autem. Ipsum voluptas est. Quo reprehenderit sapiente dolor iusto omnis voluptas quidem. Voluptas deserunt nam explicabo. Similique sed incidunt quia odit quasi. Excepturi saepe quae sit commodi. Qui modi tenetur iusto odit modi doloribus a. Est non fuga dolores. Veniam dolore magnam. Labore consequuntur deleniti voluptatem autem vitae blanditiis. Velit illum non qui vero dignissimos. Illo aut aut et culpa.',547871,54.83,288),(348,'Soy Beans','Nihil consequatur excepturi optio libero. Adipisci magnam nobis dolore. Corrupti quasi voluptatibus veniam nostrum dicta. Necessitatibus dolor perspiciatis. Earum sunt unde dolorem est iste. Tempora magni molestiae dolorem architecto repellendus quos. Sed ratione in placeat voluptatibus architecto. Molestiae consequatur sed. Voluptate culpa sint. Quas officiis nobis repudiandae tempore.',225426,49.64,271),(349,'Dark Chocolate','Autem voluptates molestias ipsam aspernatur sed temporibus libero. Vel odio consequatur cumque eius non nihil magni. Ducimus ipsum error possimus. Necessitatibus quia et. Et nobis ipsa dignissimos provident omnis. Sapiente voluptatibus omnis debitis nesciunt. Cupiditate non et. Molestiae nemo qui sint unde. Tenetur voluptatem et. Et aperiam voluptatum quia numquam soluta fuga est.',789287,30.47,128),(350,'Curry Powder','Officia ab aspernatur aut repellat. Sit error consequatur ut distinctio. Ullam ratione quis ipsam corrupti laboriosam tempora inventore. Eius architecto praesentium accusantium possimus eaque. Vero est eum asperiores. Aut dicta quia a officiis totam rem. Laborum ratione quibusdam sint similique eligendi nesciunt. Quam qui itaque qui tenetur velit accusamus corrupti. Et perferendis debitis mollitia. Asperiores illo illum. Molestias accusantium nulla pariatur.',230041,28.17,175);
/*!40000 ALTER TABLE `products` ENABLE KEYS */;
UNLOCK TABLES;

--
-- Final view structure for view `all_v`
--

/*!50001 DROP VIEW IF EXISTS `all_v`*/;
/*!50001 SET @saved_cs_client          = @@character_set_client */;
/*!50001 SET @saved_cs_results         = @@character_set_results */;
/*!50001 SET @saved_col_connection     = @@collation_connection */;
/*!50001 SET character_set_client      = utf8mb4 */;
/*!50001 SET character_set_results     = utf8mb4 */;
/*!50001 SET collation_connection      = utf8mb4_0900_ai_ci */;
/*!50001 CREATE ALGORITHM=UNDEFINED */
/*!50013 DEFINER=`sen4ik`@`localhost` SQL SECURITY DEFINER */
/*!50001 VIEW `all_v` AS select `o`.`order_id` AS `order_id`,`o`.`customer_id` AS `customer_id`,`c`.`first_name` AS `first_name`,`c`.`last_name` AS `last_name`,`o`.`product_id` AS `product_id`,`p`.`title` AS `title`,`p`.`sku` AS `sku`,`p`.`price` AS `price`,`o`.`quantity` AS `quantity`,`p`.`in_stock` AS `in_stock` from ((`orders` `o` join `products` `p` on((`o`.`product_id` = `p`.`id`))) join `customers` `c` on((`o`.`customer_id` = `c`.`id`))) */;
/*!50001 SET character_set_client      = @saved_cs_client */;
/*!50001 SET character_set_results     = @saved_cs_results */;
/*!50001 SET collation_connection      = @saved_col_connection */;
/*!40103 SET TIME_ZONE=@OLD_TIME_ZONE */;

/*!40101 SET SQL_MODE=@OLD_SQL_MODE */;
/*!40014 SET FOREIGN_KEY_CHECKS=@OLD_FOREIGN_KEY_CHECKS */;
/*!40014 SET UNIQUE_CHECKS=@OLD_UNIQUE_CHECKS */;
/*!40101 SET CHARACTER_SET_CLIENT=@OLD_CHARACTER_SET_CLIENT */;
/*!40101 SET CHARACTER_SET_RESULTS=@OLD_CHARACTER_SET_RESULTS */;
/*!40101 SET COLLATION_CONNECTION=@OLD_COLLATION_CONNECTION */;
/*!40111 SET SQL_NOTES=@OLD_SQL_NOTES */;

-- Dump completed on 2020-03-31 14:56:38
